mm,363,64,3025,relu,193600,mm,1600,192,729,relu,139968,mm,1728,384,169,relu,64896,mm,3456,256,169,relu,43264,mm,2304,256,169,relu,43264,mm,1,9216,4096,relu,4096,mm,1,4096,4096,relu,4096,mm,1,4096,1000
mm,363,64,3025,relu,387200,mm,1600,192,729,relu,279936,mm,1728,384,169,relu,129792,mm,3456,256,169,relu,86528,mm,2304,256,169,relu,86528,mm,2,9216,4096,relu,8192,mm,2,4096,4096,relu,8192,mm,2,4096,1000
mm,363,64,3025,relu,774400,mm,1600,192,729,relu,559872,mm,1728,384,169,relu,259584,mm,3456,256,169,relu,173056,mm,2304,256,169,relu,173056,mm,4,9216,4096,relu,16384,mm,4,4096,4096,relu,16384,mm,4,4096,1000
mm,363,64,3025,relu,1548800,mm,1600,192,729,relu,1119744,mm,1728,384,169,relu,519168,mm,3456,256,169,relu,346112,mm,2304,256,169,relu,346112,mm,8,9216,4096,relu,32768,mm,8,4096,4096,relu,32768,mm,8,4096,1000
mm,363,64,3025,relu,3097600,mm,1600,192,729,relu,2239488,mm,1728,384,169,relu,1038336,mm,3456,256,169,relu,692224,mm,2304,256,169,relu,692224,mm,16,9216,4096,relu,65536,mm,16,4096,4096,relu,65536,mm,16,4096,1000
mm,363,64,3025,relu,6195200,mm,1600,192,729,relu,4478976,mm,1728,384,169,relu,2076672,mm,3456,256,169,relu,1384448,mm,2304,256,169,relu,1384448,mm,32,9216,4096,relu,131072,mm,32,4096,4096,relu,131072,mm,32,4096,1000
mm,363,64,3025,relu,12390400,mm,1600,192,729,relu,8957952,mm,1728,384,169,relu,4153344,mm,3456,256,169,relu,2768896,mm,2304,256,169,relu,2768896,mm,64,9216,4096,relu,262144,mm,64,4096,4096,relu,262144,mm,64,4096,1000
mm,363,64,3025,relu,24780800,mm,1600,192,729,relu,17915904,mm,1728,384,169,relu,8306688,mm,3456,256,169,relu,5537792,mm,2304,256,169,relu,5537792,mm,128,9216,4096,relu,524288,mm,128,4096,4096,relu,524288,mm,128,4096,1000
mm,363,64,3025,relu,49561600,mm,1600,192,729,relu,35831808,mm,1728,384,169,relu,16613376,mm,3456,256,169,relu,11075584,mm,2304,256,169,relu,11075584,mm,256,9216,4096,relu,1048576,mm,256,4096,4096,relu,1048576,mm,256,4096,1000
mm,363,64,3025,relu,99123200,mm,1600,192,729,relu,71663616,mm,1728,384,169,relu,33226752,mm,3456,256,169,relu,22151168,mm,2304,256,169,relu,22151168,mm,512,9216,4096,relu,2097152,mm,512,4096,4096,relu,2097152,mm,512,4096,1000
mm,363,64,3025,relu,198246400,mm,1600,192,729,relu,143327232,mm,1728,384,169,relu,66453504,mm,3456,256,169,relu,44302336,mm,2304,256,169,relu,44302336,mm,1024,9216,4096,relu,4194304,mm,1024,4096,4096,relu,4194304,mm,1024,4096,1000
