data_type,thread,iteration,buffer_size,latency,correct
uint16_t,1,256,16,1.164,True
uint16_t,1,256,64,3.749667,True
uint16_t,1,512,16,2.372,True
uint16_t,1,256,8,0.724667,True
uint16_t,1,256,32,2.054667,True
uint16_t,1,512,8,1.406,True
uint16_t,1,256,128,7.215,True
uint16_t,1,256,256,14.101,True
uint16_t,1,512,32,4.051333,True
uint16_t,1,1024,8,2.76,True
uint16_t,1,1024,16,4.519333,True
uint16_t,1,512,64,7.449,True
uint16_t,1,1024,32,8.06,True
uint16_t,1,512,128,14.356333,True
uint16_t,1,512,256,28.137,True
uint16_t,1,1024,64,14.87,True
uint16_t,1,2048,8,5.49,True
uint16_t,1,2048,16,8.944667,True
uint16_t,1,2048,32,16.073333,True
uint16_t,1,1024,128,28.672,True
uint16_t,1,2048,64,29.685333,True
uint16_t,1,1024,256,56.228,True
uint16_t,1,4096,8,10.931333,True
uint16_t,1,4096,16,17.857333,True
uint16_t,1,2048,128,57.268333,True
uint16_t,1,4096,32,32.089667,True
uint16_t,1,8192,8,21.809667,True
uint16_t,1,4096,64,59.297,True
uint16_t,1,2048,256,112.406,True
uint16_t,1,8192,16,35.651,True
uint16_t,1,8192,32,64.119,True
uint16_t,1,4096,128,114.478333,True
uint16_t,1,16384,8,43.555,True
uint16_t,1,8192,64,118.564,True
uint16_t,1,16384,16,71.233667,True
uint16_t,1,4096,256,224.661333,True
uint16_t,2,256,8,0.737667,True
uint16_t,1,16384,32,128.182667,True
uint16_t,2,256,16,1.163667,True
uint16_t,2,256,32,2.043667,True
uint16_t,1,8192,128,228.904333,True
uint16_t,2,256,64,3.797333,True
uint16_t,2,256,128,7.203333,True
uint16_t,2,512,8,1.424333,True
uint16_t,2,256,256,14.11,True
uint16_t,2,512,16,2.462,True
uint16_t,2,512,32,4.066333,True
uint16_t,1,16384,64,237.048333,True
uint16_t,2,512,64,7.479,True
uint16_t,2,512,128,14.362333,True
uint16_t,2,1024,8,2.777,True
uint16_t,2,1024,16,4.513,True
uint16_t,2,1024,32,8.071667,True
uint16_t,2,512,256,28.145667,True
uint16_t,2,1024,64,14.905,True
uint16_t,2,2048,8,5.514333,True
uint16_t,2,1024,128,28.671667,True
uint16_t,2,2048,16,8.962667,True
uint16_t,1,8192,256,449.403333,True
uint16_t,2,2048,32,16.068333,True
uint16_t,2,1024,256,56.250667,True
uint16_t,2,4096,8,10.98,True
uint16_t,2,2048,64,29.726,True
uint16_t,2,4096,16,17.85,True
uint16_t,2,2048,128,57.282333,True
uint16_t,1,16384,128,457.659,True
uint16_t,2,4096,32,32.09,True
uint16_t,2,2048,256,112.418333,True
uint16_t,2,8192,8,21.899333,True
uint16_t,2,4096,64,59.350333,True
uint16_t,2,8192,16,35.671,True
uint16_t,2,8192,32,64.12,True
uint16_t,2,4096,128,114.506,True
uint16_t,2,16384,8,43.747333,True
uint16_t,2,8192,64,118.580333,True
uint16_t,2,16384,16,71.247333,True
uint16_t,2,4096,256,224.785333,True
uint16_t,2,16384,32,128.199,True
uint16_t,4,256,8,0.763333,True
uint16_t,4,256,16,1.176667,True
uint16_t,2,8192,128,229.046,True
uint16_t,4,256,32,2.059333,True
uint16_t,4,256,64,3.794333,True
uint16_t,4,256,128,7.218,True
uint16_t,4,256,256,14.118,True
uint16_t,1,16384,256,898.848667,True
uint16_t,4,512,8,1.454667,True
uint16_t,4,512,16,2.411667,True
uint16_t,4,512,32,4.058667,True
uint16_t,2,16384,64,237.162333,True
uint16_t,4,512,64,7.519667,True
uint16_t,4,512,128,14.379,True
uint16_t,4,1024,8,2.877,True
uint16_t,4,1024,16,4.550333,True
uint16_t,4,512,256,28.169333,True
uint16_t,4,1024,32,8.066667,True
uint16_t,4,1024,64,14.899,True
uint16_t,2,8192,256,449.474,True
uint16_t,4,2048,8,5.686667,True
uint16_t,4,1024,128,28.7,True
uint16_t,4,2048,16,9.028667,True
uint16_t,4,2048,32,16.077667,True
uint16_t,4,1024,256,56.234,True
uint16_t,4,2048,64,29.757333,True
uint16_t,4,4096,8,11.314667,True
uint16_t,4,4096,16,18.036667,True
uint16_t,4,2048,128,57.288667,True
uint16_t,4,4096,32,32.088,True
uint16_t,2,16384,128,457.717667,True
uint16_t,4,8192,8,22.586667,True
uint16_t,4,4096,64,59.401,True
uint16_t,4,2048,256,112.429,True
uint16_t,4,8192,16,36.025,True
uint16_t,4,4096,128,114.497667,True
uint16_t,4,8192,32,64.123,True
uint16_t,4,16384,8,45.088,True
uint16_t,4,8192,64,118.666,True
uint16_t,4,16384,16,71.980667,True
uint16_t,4,4096,256,224.708,True
uint16_t,4,16384,256,NA,False
uint16_t,4,16384,32,128.188333,True
uint16_t,8,256,8,0.878,True
uint16_t,4,8192,128,228.981667,True
uint16_t,8,256,32,2.06,True
uint16_t,8,256,16,1.228333,True
uint16_t,8,256,64,3.796,True
uint16_t,8,512,8,1.685,True
uint16_t,8,256,128,7.269333,True
uint16_t,8,256,256,14.161667,True
uint16_t,8,512,16,2.362667,True
uint16_t,2,16384,256,898.645667,True
uint16_t,8,512,32,4.067333,True
uint16_t,8,512,64,7.521333,True
uint16_t,8,1024,8,3.333,True
uint16_t,8,512,128,14.397,True
uint16_t,8,1024,16,4.664667,True
uint16_t,4,16384,64,237.282333,True
uint16_t,8,1024,32,8.072667,True
uint16_t,8,512,256,28.200333,True
uint16_t,8,1024,64,14.996333,True
uint16_t,8,2048,8,6.598667,True
uint16_t,8,2048,16,9.254,True
uint16_t,8,1024,128,28.71,True
uint16_t,8,2048,32,16.090667,True
uint16_t,4,8192,256,449.496,True
uint16_t,8,1024,256,56.287333,True
uint16_t,8,4096,8,13.120333,True
uint16_t,8,2048,64,29.865333,True
uint16_t,8,4096,16,18.457667,True
uint16_t,8,2048,128,57.362,True
uint16_t,8,4096,32,32.106,True
uint16_t,8,8192,8,26.193333,True
uint16_t,8,4096,64,59.660333,True
uint16_t,8,8192,16,36.848667,True
uint16_t,8,2048,256,112.475,True
uint16_t,4,16384,128,457.798667,True
uint16_t,8,8192,32,64.139667,True
uint16_t,8,4096,128,114.639333,True
uint16_t,8,8192,256,NA,False
uint16_t,8,16384,8,52.297333,True
uint16_t,8,16384,128,NA,False
uint16_t,8,16384,16,73.619,True
uint16_t,8,8192,64,119.195667,True
uint16_t,16,256,8,1.695667,True
uint16_t,16,256,16,1.709667,True
uint16_t,16,256,32,2.789,True
uint16_t,8,16384,256,NA,False
uint16_t,16,256,64,5.228333,True
uint16_t,8,4096,256,224.899667,True
uint16_t,16,256,128,10.115667,True
uint16_t,16,512,8,2.94,True
uint16_t,8,16384,32,128.229333,True
uint16_t,16,512,16,3.353,True
uint16_t,16,256,256,19.877,True
uint16_t,16,512,32,5.487333,True
uint16_t,16,512,64,10.364,True
uint16_t,16,1024,8,5.797333,True
uint16_t,16,1024,16,6.605667,True
uint16_t,16,1024,32,10.902,True
uint16_t,16,512,128,20.138333,True
uint16_t,8,8192,128,229.15,True
uint16_t,16,512,256,39.668,True
uint16_t,16,1024,64,20.659,True
uint16_t,16,2048,8,11.523667,True
uint16_t,16,2048,16,13.171667,True
uint16_t,16,1024,128,40.202667,True
uint16_t,16,2048,32,21.721333,True
uint16_t,8,16384,64,238.315667,True
uint16_t,16,4096,8,22.979,True
uint16_t,16,2048,64,41.234333,True
uint16_t,16,1024,256,79.218333,True
uint16_t,16,4096,16,26.251,True
uint16_t,16,4096,32,43.354667,True
uint16_t,16,2048,128,80.273667,True
uint16_t,16,4096,256,NA,False
uint16_t,16,8192,8,45.888333,True
uint16_t,16,8192,16,52.396667,True
uint16_t,16,4096,64,82.375333,True
uint16_t,16,8192,128,NA,False
uint16_t,16,2048,256,158.310333,True
uint16_t,16,8192,256,NA,False
uint16_t,16,8192,32,86.625667,True
uint16_t,16,16384,8,91.705333,True
uint16_t,16,16384,64,NA,False
uint16_t,16,16384,256,NA,False
uint16_t,16,4096,128,160.461333,True
uint32_t,1,256,16,1.083,True
uint32_t,1,256,8,0.673,True
uint32_t,1,256,32,1.815333,True
uint32_t,1,256,64,3.340667,True
uint16_t,16,16384,128,NA,False
uint16_t,16,16384,16,104.718333,True
uint32_t,1,256,128,6.367333,True
uint32_t,1,512,8,1.309333,True
uint32_t,1,256,256,12.439667,True
uint32_t,1,512,16,2.111,True
uint32_t,1,512,32,3.596,True
uint32_t,1,512,64,6.625,True
uint16_t,16,8192,64,164.679667,True
uint32_t,1,1024,8,2.571333,True
uint32_t,1,512,128,12.697333,True
uint32_t,1,1024,16,4.061333,True
uint32_t,1,1024,32,7.159333,True
uint32_t,1,512,256,24.83,True
uint32_t,1,1024,64,13.225,True
uint32_t,1,2048,8,5.089,True
uint32_t,1,2048,16,8.064333,True
uint32_t,1,1024,128,25.339,True
uint32_t,1,2048,32,14.233333,True
uint16_t,16,16384,32,173.119667,True
uint32_t,1,2048,64,26.372333,True
uint32_t,1,1024,256,49.582333,True
uint32_t,1,4096,8,10.115,True
uint32_t,1,4096,16,16.080667,True
uint32_t,1,2048,128,50.599333,True
uint32_t,1,4096,32,28.428667,True
uint32_t,1,8192,8,20.179,True
uint32_t,1,4096,64,52.675333,True
uint32_t,1,8192,16,32.113667,True
uint32_t,1,2048,256,99.119667,True
uint32_t,1,8192,32,56.782667,True
uint32_t,1,4096,128,101.174333,True
uint32_t,1,16384,8,40.358,True
uint32_t,1,8192,64,105.27,True
uint32_t,1,16384,16,64.176333,True
uint32_t,1,4096,256,198.133667,True
uint32_t,2,256,8,0.71,True
uint32_t,2,256,16,1.057333,True
uint32_t,2,256,32,1.857667,True
uint32_t,1,16384,32,113.508333,True
uint32_t,1,8192,128,202.247667,True
uint32_t,2,256,64,3.338333,True
uint32_t,2,256,128,6.379,True
uint32_t,2,256,256,12.461667,True
uint32_t,2,512,8,1.341,True
uint32_t,2,512,16,2.062,True
uint32_t,2,512,32,3.640667,True
uint32_t,1,16384,64,210.492333,True
uint32_t,2,512,64,6.656,True
uint32_t,2,512,128,12.693333,True
uint32_t,2,1024,8,2.632333,True
uint32_t,2,512,256,24.843667,True
uint32_t,2,1024,16,4.072667,True
uint32_t,2,1024,32,7.203667,True
uint32_t,2,1024,64,13.365333,True
uint32_t,2,2048,8,5.340667,True
uint32_t,2,2048,16,8.098667,True
uint32_t,2,1024,128,25.338667,True
uint32_t,1,8192,256,396.234,True
uint32_t,2,2048,32,14.324333,True
uint32_t,2,1024,256,49.600667,True
uint32_t,2,2048,64,26.372667,True
uint32_t,2,4096,8,10.580667,True
uint32_t,2,4096,16,16.098667,True
uint32_t,1,16384,128,404.486333,True
uint32_t,2,2048,128,50.616333,True
uint32_t,2,4096,32,28.516,True
uint32_t,2,4096,64,52.687,True
uint32_t,2,2048,256,99.145,True
uint32_t,2,8192,8,20.756,True
uint32_t,2,8192,16,32.145333,True
uint32_t,2,8192,32,56.914667,True
uint32_t,2,4096,128,101.174667,True
uint32_t,2,16384,8,41.463667,True
uint32_t,2,8192,64,105.300333,True
uint32_t,2,16384,16,64.215,True
uint32_t,2,4096,256,198.202667,True
uint32_t,2,16384,32,113.862667,True
uint32_t,2,16384,256,NA,False
uint32_t,4,256,8,0.717667,True
uint32_t,2,8192,128,202.227667,True
uint32_t,4,256,16,1.092,True
uint32_t,4,256,32,1.876667,True
uint32_t,4,256,64,3.349,True
uint32_t,4,512,8,1.391,True
uint32_t,4,256,128,6.389667,True
uint32_t,4,512,16,2.113667,True
uint32_t,1,16384,256,792.429333,True
uint32_t,4,256,256,12.466333,True
uint32_t,4,512,32,3.676333,True
uint32_t,4,512,64,6.645667,True
uint32_t,4,1024,8,2.719333,True
uint32_t,2,16384,64,210.489333,True
uint32_t,4,512,128,12.720333,True
uint32_t,4,1024,16,4.172667,True
uint32_t,4,512,256,24.861333,True
uint32_t,4,1024,32,7.260667,True
uint32_t,4,1024,64,13.225,True
uint32_t,4,2048,8,5.374667,True
uint32_t,4,2048,16,8.388,True
uint32_t,4,1024,128,25.365,True
uint32_t,4,2048,32,14.421333,True
uint32_t,2,8192,256,396.353333,True
uint32_t,4,1024,256,49.641333,True
uint32_t,4,2048,64,26.374,True
uint32_t,4,4096,8,10.709,True
uint32_t,4,4096,16,16.557667,True
uint32_t,4,2048,128,50.653,True
uint32_t,4,4096,32,28.788,True
uint32_t,4,8192,8,21.378667,True
uint32_t,4,4096,64,52.687,True
uint32_t,4,2048,256,99.149667,True
uint32_t,2,16384,128,404.462667,True
uint32_t,4,8192,16,33.074,True
uint32_t,4,8192,32,57.642333,True
uint32_t,4,4096,128,101.242,True
uint32_t,4,8192,256,NA,False
uint32_t,4,16384,8,42.713667,True
uint32_t,4,16384,16,66.037667,True
uint32_t,4,16384,128,NA,False
uint32_t,4,8192,64,105.342333,True
uint32_t,8,256,8,0.928,True
uint32_t,8,256,16,1.187333,True
uint32_t,8,256,32,1.958333,True
uint32_t,4,16384,256,NA,False
uint32_t,4,4096,256,198.255333,True
uint32_t,8,256,64,3.373,True
uint32_t,8,256,128,6.442,True
uint32_t,8,512,8,1.824667,True
uint32_t,8,512,16,2.309667,True
uint32_t,4,16384,32,114.965333,True
uint32_t,8,512,32,3.838667,True
uint32_t,8,256,256,12.499333,True
uint32_t,8,512,64,6.673,True
uint32_t,8,1024,8,3.568333,True
uint32_t,8,512,128,12.761,True
uint32_t,8,1024,16,4.567,True
uint32_t,8,1024,32,7.625333,True
uint32_t,4,8192,128,202.371667,True
uint32_t,8,512,256,24.891667,True
uint32_t,8,1024,64,13.268667,True
uint32_t,8,2048,8,7.085667,True
uint32_t,8,2048,16,9.063,True
uint32_t,8,2048,32,15.204,True
uint32_t,8,1024,128,25.418,True
uint32_t,4,16384,64,210.563333,True
uint32_t,8,4096,8,14.123,True
uint32_t,8,2048,64,26.476333,True
uint32_t,8,1024,256,49.656,True
uint32_t,8,4096,16,18.069333,True
uint32_t,8,4096,32,30.339667,True
uint32_t,8,2048,128,50.752,True
uint32_t,8,4096,256,NA,False
uint32_t,8,8192,8,28.183,True
uint32_t,8,4096,64,52.885333,True
uint32_t,8,8192,16,36.070333,True
uint32_t,8,8192,128,NA,False
uint32_t,8,2048,256,99.229,True
uint32_t,8,8192,256,NA,False
uint32_t,8,8192,32,60.569,True
uint32_t,8,16384,8,56.256333,True
uint32_t,8,16384,64,NA,False
uint32_t,8,16384,256,NA,False
uint32_t,8,4096,128,101.396333,True
uint32_t,16,256,8,1.77,True
uint32_t,16,256,16,2.168333,True
uint32_t,8,16384,16,72.092333,True
uint32_t,16,256,32,2.956667,True
uint32_t,16,256,64,4.644,True
uint32_t,8,16384,128,NA,False
uint32_t,16,256,128,8.618,True
uint32_t,8,8192,64,105.692667,True
uint32_t,16,512,8,3.457667,True
uint32_t,16,512,16,4.264333,True
uint32_t,16,512,32,5.824667,True
uint32_t,16,512,64,9.133667,True
uint32_t,16,1024,8,6.858333,True
uint32_t,16,256,256,16.895333,True
uint32_t,16,1024,16,8.454667,True
uint32_t,8,16384,32,121.173,True
uint32_t,16,1024,32,11.543667,True
uint32_t,16,512,128,17.143333,True
uint32_t,16,2048,8,13.613333,True
uint32_t,16,1024,64,18.214,True
uint32_t,16,512,256,33.672,True
uint32_t,16,2048,16,16.834333,True
uint32_t,16,2048,32,23.013667,True
uint32_t,16,1024,128,34.187333,True
uint32_t,16,2048,256,NA,False
uint32_t,16,4096,8,27.169667,True
uint32_t,16,2048,64,36.299,True
uint32_t,16,4096,16,33.563667,True
uint32_t,16,4096,128,NA,False
uint32_t,16,1024,256,67.230333,True
uint32_t,16,4096,256,NA,False
uint32_t,16,4096,32,45.934667,True
uint32_t,16,8192,8,54.251333,True
uint32_t,16,8192,64,NA,False
uint32_t,16,8192,256,NA,False
uint32_t,16,2048,128,68.286333,True
uint32_t,16,8192,128,NA,False
uint32_t,16,8192,16,67.044667,True
uint32_t,16,16384,32,NA,False
uint32_t,16,4096,64,72.409333,True
uint64_t,1,256,8,0.89,True
uint32_t,16,16384,128,NA,False
uint32_t,16,16384,64,NA,False
uint64_t,1,256,16,1.447667,True
uint32_t,16,16384,256,NA,False
uint64_t,1,256,32,2.577,True
uint64_t,1,256,64,4.842333,True
uint64_t,1,512,8,1.715,True
uint64_t,1,256,128,9.354667,True
uint32_t,16,8192,32,91.783,True
uint64_t,1,256,256,18.442333,True
uint64_t,1,512,16,2.858333,True
uint64_t,1,512,32,5.095,True
uint32_t,16,16384,8,108.439667,True
uint64_t,1,512,64,9.638333,True
uint64_t,1,1024,8,3.383667,True
uint64_t,1,1024,16,5.660667,True
uint64_t,1,512,128,18.658333,True
uint64_t,1,1024,32,10.128667,True
uint64_t,1,512,256,36.835,True
uint64_t,1,1024,64,19.226333,True
uint64_t,1,2048,8,6.723,True
uint64_t,1,2048,16,11.335333,True
uint64_t,1,1024,128,37.253667,True
uint64_t,1,2048,32,20.206667,True
uint32_t,16,16384,16,134.066,True
uint64_t,1,2048,64,38.396333,True
uint64_t,1,1024,256,73.59,True
uint64_t,1,4096,8,13.406667,True
uint64_t,1,4096,16,22.476,True
uint64_t,1,2048,128,74.444,True
uint64_t,1,4096,32,40.363333,True
uint64_t,1,8192,8,26.756,True
uint64_t,1,4096,64,76.728667,True
uint64_t,1,8192,16,44.896,True
uint64_t,1,2048,256,147.159667,True
uint64_t,1,8192,32,80.629333,True
uint64_t,1,4096,128,148.822333,True
uint64_t,1,16384,8,53.439667,True
uint64_t,1,8192,64,153.421667,True
uint64_t,1,16384,16,89.743667,True
uint64_t,2,256,8,0.895,True
uint64_t,1,16384,256,NA,False
uint64_t,1,4096,256,294.114,True
uint64_t,2,256,16,1.463667,True
uint64_t,2,256,32,2.575333,True
uint64_t,1,16384,32,161.253333,True
uint64_t,2,256,64,4.899,True
uint64_t,2,256,128,9.373333,True
uint64_t,2,512,8,1.834667,True
uint64_t,1,8192,128,297.661,True
uint64_t,2,512,16,2.877333,True
uint64_t,2,256,256,18.467667,True
uint64_t,2,512,32,5.097,True
uint64_t,2,512,64,9.667,True
uint64_t,2,1024,8,3.412667,True
uint64_t,2,512,128,18.664667,True
uint64_t,2,1024,16,5.675667,True
uint64_t,2,1024,32,10.136333,True
uint64_t,2,512,256,36.841,True
uint64_t,2,1024,64,19.241333,True
uint64_t,1,16384,64,306.859667,True
uint64_t,2,2048,8,6.73,True
uint64_t,2,1024,128,37.261333,True
uint64_t,2,2048,16,11.280667,True
uint64_t,2,2048,32,20.211333,True
uint64_t,2,4096,8,13.413667,True
uint64_t,2,1024,256,73.618333,True
uint64_t,2,2048,64,38.545,True
uint64_t,2,4096,16,22.484667,True
uint64_t,2,2048,128,74.459667,True
uint64_t,2,4096,32,40.359,True
uint64_t,1,8192,256,588.389,True
uint64_t,2,8192,8,26.745667,True
uint64_t,2,4096,64,76.812333,True
uint64_t,2,2048,256,147.195667,True
uint64_t,2,8192,16,44.897667,True
uint64_t,1,16384,128,595.151667,True
uint64_t,2,8192,256,NA,False
uint64_t,2,4096,128,148.846,True
uint64_t,2,8192,32,80.656667,True
uint64_t,2,16384,8,53.444333,True
uint64_t,2,16384,128,NA,False
uint64_t,4,256,8,0.952333,True
uint64_t,2,16384,16,89.771333,True
uint64_t,2,8192,64,153.512333,True
uint64_t,4,256,16,1.484333,True
uint64_t,2,16384,256,NA,False
uint64_t,4,256,32,2.59,True
uint64_t,4,256,64,4.873333,True
uint64_t,4,512,8,1.851333,True
uint64_t,4,256,128,9.393667,True
uint64_t,4,512,16,2.921,True
uint64_t,2,4096,256,294.246667,True
uint64_t,2,16384,32,161.350333,True
uint64_t,4,256,256,18.488333,True
uint64_t,4,512,32,5.111667,True
uint64_t,4,512,64,9.659,True
uint64_t,4,1024,8,3.715,True
uint64_t,4,1024,16,5.709667,True
uint64_t,4,512,128,18.690667,True
uint64_t,2,8192,128,297.617667,True
uint64_t,4,1024,32,10.154,True
uint64_t,4,512,256,36.884667,True
uint64_t,4,2048,8,7.260333,True
uint64_t,4,1024,64,19.262667,True
uint64_t,4,2048,16,11.391,True
uint64_t,4,1024,128,37.3,True
uint64_t,4,2048,32,20.228,True
uint64_t,2,16384,64,306.986333,True
uint64_t,4,4096,8,14.427,True
uint64_t,4,2048,64,38.439,True
uint64_t,4,4096,16,22.521333,True
uint64_t,4,1024,256,73.677,True
uint64_t,4,4096,32,40.394333,True
uint64_t,4,4096,256,NA,False
uint64_t,4,2048,128,74.474667,True
uint64_t,4,8192,8,28.825333,True
uint64_t,4,8192,16,45.049,True
uint64_t,4,8192,128,NA,False
uint64_t,4,4096,64,76.841333,True
uint64_t,4,8192,256,NA,False
uint64_t,4,2048,256,147.212,True
uint64_t,4,8192,32,80.747333,True
uint64_t,4,16384,8,57.626667,True
uint64_t,4,16384,64,NA,False
uint64_t,4,16384,256,NA,False
uint64_t,8,256,8,1.161,True
uint64_t,4,4096,128,148.893333,True
uint64_t,8,256,16,1.623667,True
uint64_t,4,16384,128,NA,False
uint64_t,4,16384,16,90.019,True
uint64_t,8,256,32,2.740667,True
uint64_t,8,256,64,5.058,True
uint64_t,8,512,8,2.256667,True
uint64_t,8,256,128,9.43,True
uint64_t,8,512,16,3.181333,True
uint64_t,4,8192,64,153.664333,True
uint64_t,8,512,32,5.409333,True
uint64_t,8,256,256,18.555,True
uint64_t,8,512,64,10.043667,True
uint64_t,8,1024,8,4.462,True
uint64_t,8,1024,16,6.298667,True
uint64_t,8,1024,32,10.750333,True
uint64_t,8,512,128,18.732333,True
uint64_t,4,16384,32,161.435,True
uint64_t,8,2048,8,8.856,True
uint64_t,8,1024,64,20.04,True
uint64_t,8,512,256,36.946667,True
uint64_t,8,2048,16,12.534667,True
uint64_t,8,2048,32,21.422,True
uint64_t,8,1024,128,37.354667,True
uint64_t,8,2048,256,NA,False
uint64_t,8,4096,8,17.659667,True
uint64_t,8,4096,16,24.995667,True
uint64_t,8,2048,64,40.032333,True
uint64_t,8,4096,128,NA,False
uint64_t,8,1024,256,73.713667,True
uint64_t,8,4096,256,NA,False
uint64_t,8,4096,32,42.793,True
uint64_t,8,8192,8,35.246,True
uint64_t,8,8192,64,NA,False
uint64_t,8,8192,256,NA,False
uint64_t,8,2048,128,74.592333,True
uint64_t,8,8192,16,49.912667,True
uint64_t,8,8192,128,NA,False
uint64_t,8,16384,32,NA,False
uint64_t,8,16384,128,NA,False
uint64_t,8,4096,64,79.926333,True
uint64_t,16,256,8,2.296667,True
uint64_t,8,16384,64,NA,False
uint64_t,8,16384,256,NA,False
uint64_t,16,256,16,3.093333,True
uint64_t,16,256,32,4.738333,True
uint64_t,16,256,256,NA,False
uint64_t,8,8192,32,85.538667,True
uint64_t,8,16384,8,70.409,True
uint64_t,16,512,8,4.49,True
uint64_t,16,256,64,8.006,True
uint64_t,16,512,16,6.105667,True
uint64_t,16,256,128,14.595667,True
uint64_t,16,512,32,9.391667,True
uint64_t,16,512,256,NA,False
uint64_t,16,1024,8,8.904333,True
uint64_t,16,512,64,15.876667,True
uint64_t,16,1024,16,12.118667,True
uint64_t,8,16384,16,99.756667,True
uint64_t,16,1024,32,18.699667,True
uint64_t,16,1024,256,NA,False
uint64_t,16,512,128,29.085667,True
uint64_t,16,2048,8,17.735,True
uint64_t,16,2048,16,24.163333,True
uint64_t,16,1024,64,31.759667,True
uint64_t,16,2048,128,NA,False
uint64_t,16,2048,256,NA,False
uint64_t,16,2048,32,37.302333,True
uint64_t,16,4096,64,NA,False
uint64_t,16,4096,8,35.395333,True
uint64_t,16,1024,128,58.049667,True
uint64_t,16,4096,256,NA,False
uint64_t,16,4096,16,48.221,True
uint64_t,16,4096,128,NA,False
uint64_t,16,8192,32,NA,False
uint64_t,16,2048,64,63.340667,True
uint64_t,16,8192,128,NA,False
uint64_t,16,8192,64,NA,False
uint64_t,16,8192,256,NA,False
uint64_t,16,16384,16,NA,False
uint64_t,16,8192,8,70.679333,True
uint64_t,16,16384,64,NA,False
uint64_t,16,16384,128,NA,False
uint64_t,16,4096,32,74.531333,True
uint64_t,16,16384,32,NA,False
uint64_t,16,16384,256,NA,False
uint64_t,16,8192,16,96.358667,True
uint64_t,16,16384,8,141.291,True
