operation,data_type,thread,iteration,buffer_size,latency,correct
ADD,uint16_t,1,256,8,0.875,True
ADD,uint16_t,1,512,8,1.72,True
ADD,uint16_t,1,512,16,2.921667,True
ADD,uint16_t,1,256,16,1.482333,True
ADD,uint16_t,1,256,32,2.671333,True
ADD,uint16_t,1,256,64,5.051667,True
ADD,uint16_t,1,256,128,9.857333,True
ADD,uint16_t,1,256,256,19.448333,True
ADD,uint16_t,1,512,32,5.302333,True
ADD,uint16_t,1,1024,8,3.383667,True
ADD,uint16_t,1,1024,16,5.787667,True
ADD,uint16_t,1,512,64,10.068333,True
ADD,uint16_t,1,512,128,19.675667,True
ADD,uint16_t,1,1024,32,10.559333,True
ADD,uint16_t,1,512,256,38.835333,True
ADD,uint16_t,1,1024,64,20.085333,True
ADD,uint16_t,1,2048,8,6.717333,True
ADD,uint16_t,1,2048,16,11.498667,True
ADD,uint16_t,1,2048,32,21.061667,True
ADD,uint16_t,1,1024,128,39.279333,True
ADD,uint16_t,1,4096,8,13.406333,True
ADD,uint16_t,1,2048,64,40.093667,True
ADD,uint16_t,1,1024,256,77.565667,True
ADD,uint16_t,1,4096,16,22.941,True
ADD,uint16_t,1,2048,128,78.506667,True
ADD,uint16_t,1,4096,32,42.048333,True
ADD,uint16_t,1,8192,8,26.753,True
ADD,uint16_t,1,4096,64,80.164,True
ADD,uint16_t,1,8192,16,45.823333,True
ADD,uint16_t,1,2048,256,155.088667,True
ADD,uint16_t,1,8192,32,84.05,True
ADD,uint16_t,1,4096,128,156.944667,True
ADD,uint16_t,1,16384,8,53.432333,True
ADD,uint16_t,1,16384,16,91.590667,True
ADD,uint16_t,1,8192,64,160.213333,True
ADD,uint16_t,2,256,8,0.893,True
ADD,uint16_t,1,4096,256,310.178333,True
ADD,uint16_t,2,256,16,1.485333,True
ADD,uint16_t,1,16384,32,168.025667,True
ADD,uint16_t,2,256,32,2.688667,True
ADD,uint16_t,2,256,64,5.081667,True
ADD,uint16_t,1,8192,128,313.806,True
ADD,uint16_t,2,512,8,1.716667,True
ADD,uint16_t,2,256,128,10.067667,True
ADD,uint16_t,2,256,256,19.449667,True
ADD,uint16_t,2,512,16,2.909,True
ADD,uint16_t,2,512,32,5.314333,True
ADD,uint16_t,2,512,64,10.100333,True
ADD,uint16_t,2,512,128,20.076,True
ADD,uint16_t,2,1024,8,3.386333,True
ADD,uint16_t,2,1024,16,5.774667,True
ADD,uint16_t,1,16384,64,320.405,True
ADD,uint16_t,2,512,256,38.840333,True
ADD,uint16_t,2,1024,32,10.563,True
ADD,uint16_t,2,1024,64,20.114667,True
ADD,uint16_t,2,2048,8,6.73,True
ADD,uint16_t,2,1024,128,40.096,True
ADD,uint16_t,2,2048,16,11.503667,True
ADD,uint16_t,2,2048,32,21.08,True
ADD,uint16_t,2,1024,256,77.582,True
ADD,uint16_t,2,2048,64,40.141333,True
ADD,uint16_t,1,8192,256,620.192333,True
ADD,uint16_t,2,4096,8,13.412667,True
ADD,uint16_t,2,4096,16,22.946667,True
ADD,uint16_t,2,2048,128,80.138667,True
ADD,uint16_t,2,4096,32,42.132333,True
ADD,uint16_t,2,8192,8,26.751,True
ADD,uint16_t,1,16384,128,627.711667,True
ADD,uint16_t,2,4096,64,80.190667,True
ADD,uint16_t,2,2048,256,155.138,True
ADD,uint16_t,2,8192,16,45.823667,True
ADD,uint16_t,2,4096,128,159.125333,True
ADD,uint16_t,2,8192,32,84.169,True
ADD,uint16_t,2,16384,8,53.430333,True
ADD,uint16_t,2,8192,64,160.302667,True
ADD,uint16_t,2,16384,16,91.599333,True
ADD,uint16_t,2,4096,256,310.189667,True
ADD,uint16_t,4,256,8,0.894333,True
ADD,uint16_t,2,16384,32,168.198333,True
ADD,uint16_t,4,256,16,1.534667,True
ADD,uint16_t,4,256,32,2.72,True
ADD,uint16_t,2,8192,128,315.984667,True
ADD,uint16_t,4,256,64,5.120333,True
ADD,uint16_t,4,256,128,10.067667,True
ADD,uint16_t,4,256,256,19.457667,True
ADD,uint16_t,4,512,8,1.746333,True
ADD,uint16_t,4,512,16,3.024333,True
ADD,uint16_t,4,512,32,5.389333,True
ADD,uint16_t,4,512,64,10.140667,True
ADD,uint16_t,2,16384,64,320.607333,True
ADD,uint16_t,4,1024,8,3.416,True
ADD,uint16_t,4,512,128,19.955667,True
ADD,uint16_t,4,1024,16,5.969667,True
ADD,uint16_t,1,16384,256,1240.276,True
ADD,uint16_t,4,512,256,38.850667,True
ADD,uint16_t,4,1024,32,10.732667,True
ADD,uint16_t,4,1024,64,20.196333,True
ADD,uint16_t,4,2048,8,6.805,True
ADD,uint16_t,4,1024,128,39.847,True
ADD,uint16_t,4,2048,16,11.62,True
ADD,uint16_t,2,8192,256,620.353667,True
ADD,uint16_t,4,2048,32,21.407333,True
ADD,uint16_t,4,1024,256,77.616667,True
ADD,uint16_t,4,2048,64,40.268333,True
ADD,uint16_t,4,4096,8,13.558,True
ADD,uint16_t,4,4096,16,23.510333,True
ADD,uint16_t,4,2048,128,79.603,True
ADD,uint16_t,4,4096,32,42.760667,True
ADD,uint16_t,4,8192,8,27.073,True
ADD,uint16_t,4,4096,64,80.372333,True
ADD,uint16_t,2,16384,128,640.598,True
ADD,uint16_t,4,2048,256,155.130667,True
ADD,uint16_t,4,8192,16,46.411,True
ADD,uint16_t,4,4096,128,160.200667,True
ADD,uint16_t,4,8192,32,85.488,True
ADD,uint16_t,4,16384,8,54.076333,True
ADD,uint16_t,4,8192,64,160.812667,True
ADD,uint16_t,4,16384,16,93.287333,True
ADD,uint16_t,4,4096,256,310.258333,True
ADD,uint16_t,8,256,8,0.984,True
ADD,uint16_t,4,16384,256,NA,False
ADD,uint16_t,4,16384,32,170.858333,True
ADD,uint16_t,8,256,16,1.555333,True
ADD,uint16_t,8,256,32,2.741667,True
ADD,uint16_t,8,256,64,5.147333,True
ADD,uint16_t,4,8192,128,320.355333,True
ADD,uint16_t,8,256,128,10.084333,True
ADD,uint16_t,8,512,8,1.925,True
ADD,uint16_t,8,512,16,3.042333,True
ADD,uint16_t,8,256,256,19.505,True
ADD,uint16_t,8,512,32,5.411,True
ADD,uint16_t,8,512,64,10.217,True
ADD,uint16_t,8,1024,8,3.786333,True
ADD,uint16_t,8,512,128,20.086667,True
ADD,uint16_t,4,16384,64,321.373667,True
ADD,uint16_t,8,1024,16,6.028667,True
ADD,uint16_t,8,1024,32,10.754333,True
ADD,uint16_t,8,512,256,38.882667,True
ADD,uint16_t,2,16384,256,1240.345667,True
ADD,uint16_t,8,1024,64,20.371667,True
ADD,uint16_t,8,2048,8,7.503667,True
ADD,uint16_t,8,2048,16,11.987667,True
ADD,uint16_t,8,1024,128,39.847333,True
ADD,uint16_t,8,2048,32,21.43,True
ADD,uint16_t,8,2048,64,40.675,True
ADD,uint16_t,8,4096,8,14.942,True
ADD,uint16_t,8,1024,256,77.663,True
ADD,uint16_t,8,4096,16,23.923333,True
ADD,uint16_t,4,8192,256,620.303667,True
ADD,uint16_t,8,2048,128,80.134667,True
ADD,uint16_t,8,4096,32,42.827,True
ADD,uint16_t,8,8192,8,29.843667,True
ADD,uint16_t,8,4096,64,81.227667,True
ADD,uint16_t,8,8192,16,47.755,True
ADD,uint16_t,8,2048,256,155.238667,True
ADD,uint16_t,8,8192,32,85.593667,True
ADD,uint16_t,4,16384,128,640.594667,True
ADD,uint16_t,8,8192,256,NA,False
ADD,uint16_t,8,4096,128,160.216667,True
ADD,uint16_t,8,16384,8,59.628,True
ADD,uint16_t,8,16384,128,NA,False
ADD,uint16_t,8,8192,64,162.416333,True
ADD,uint16_t,8,16384,256,NA,False
ADD,uint16_t,8,16384,16,95.496,True
ADD,uint16_t,16,256,8,1.676667,True
ADD,uint16_t,16,256,16,2.007333,True
ADD,uint16_t,16,256,32,3.702667,True
ADD,uint16_t,16,256,64,7.076667,True
ADD,uint16_t,16,256,128,13.837,True
ADD,uint16_t,16,512,8,3.274333,True
ADD,uint16_t,16,512,16,3.928,True
ADD,uint16_t,8,4096,256,310.382667,True
ADD,uint16_t,8,16384,32,171.010667,True
ADD,uint16_t,16,512,32,7.305667,True
ADD,uint16_t,16,256,256,27.389667,True
ADD,uint16_t,16,512,64,14.06,True
ADD,uint16_t,16,1024,8,6.467667,True
ADD,uint16_t,16,1024,16,7.78,True
ADD,uint16_t,16,1024,32,14.536,True
ADD,uint16_t,16,512,128,27.589,True
ADD,uint16_t,16,1024,64,28.04,True
ADD,uint16_t,16,2048,8,12.861,True
ADD,uint16_t,16,512,256,54.639,True
ADD,uint16_t,16,2048,16,15.469333,True
ADD,uint16_t,8,8192,128,320.358667,True
ADD,uint16_t,16,1024,128,55.088333,True
ADD,uint16_t,16,2048,32,28.959667,True
ADD,uint16_t,16,4096,8,25.627,True
ADD,uint16_t,8,16384,64,324.935667,True
ADD,uint16_t,16,2048,64,56.006667,True
ADD,uint16_t,16,4096,16,30.851,True
ADD,uint16_t,16,1024,256,109.195,True
ADD,uint16_t,16,4096,32,57.884,True
ADD,uint16_t,16,4096,256,NA,False
ADD,uint16_t,16,2048,128,110.064,True
ADD,uint16_t,16,8192,8,51.188333,True
ADD,uint16_t,16,8192,16,61.602333,True
ADD,uint16_t,16,4096,64,111.964,True
ADD,uint16_t,16,8192,128,NA,False
ADD,uint16_t,16,8192,256,NA,False
ADD,uint16_t,16,2048,256,218.152,True
ADD,uint16_t,16,8192,32,115.623667,True
ADD,uint16_t,16,16384,64,NA,False
ADD,uint16_t,16,16384,8,102.280667,True
ADD,uint32_t,1,256,8,0.889333,True
ADD,uint16_t,16,16384,256,NA,False
ADD,uint32_t,1,256,16,1.518333,True
ADD,uint32_t,1,256,32,2.747667,True
ADD,uint32_t,1,256,64,5.221,True
ADD,uint16_t,16,16384,128,NA,False
ADD,uint32_t,1,256,128,10.132667,True
ADD,uint16_t,16,4096,128,220.011,True
ADD,uint32_t,1,512,8,1.745667,True
ADD,uint16_t,16,16384,16,123.148333,True
ADD,uint32_t,1,256,256,20.027333,True
ADD,uint32_t,1,512,16,2.985,True
ADD,uint32_t,1,512,32,5.443667,True
ADD,uint32_t,1,512,64,10.374333,True
ADD,uint32_t,1,1024,8,3.437,True
ADD,uint32_t,1,512,128,20.243,True
ADD,uint32_t,1,1024,16,5.947333,True
ADD,uint32_t,1,1024,32,10.843,True
ADD,uint32_t,1,512,256,39.998,True
ADD,uint32_t,1,1024,64,20.700667,True
ADD,uint32_t,1,2048,8,6.819,True
ADD,uint32_t,1,2048,16,11.798667,True
ADD,uint16_t,16,8192,64,223.757,True
ADD,uint32_t,1,1024,128,40.442333,True
ADD,uint32_t,1,2048,32,21.651333,True
ADD,uint32_t,1,1024,256,79.898333,True
ADD,uint32_t,1,4096,8,13.596667,True
ADD,uint32_t,1,2048,64,41.344,True
ADD,uint32_t,1,4096,16,23.549667,True
ADD,uint32_t,1,2048,128,80.778,True
ADD,uint32_t,1,4096,32,43.235333,True
ADD,uint16_t,16,16384,32,231.192667,True
ADD,uint32_t,1,8192,8,27.149667,True
ADD,uint32_t,1,4096,64,82.607333,True
ADD,uint32_t,1,8192,16,47.033333,True
ADD,uint32_t,1,2048,256,159.813667,True
ADD,uint32_t,1,8192,32,86.434,True
ADD,uint32_t,1,4096,128,161.492667,True
ADD,uint32_t,1,16384,8,54.238,True
ADD,uint32_t,1,16384,16,94.028,True
ADD,uint32_t,1,8192,64,165.162667,True
ADD,uint32_t,2,256,8,0.902,True
ADD,uint32_t,1,4096,256,319.482,True
ADD,uint32_t,2,256,16,1.552667,True
ADD,uint32_t,1,16384,32,172.728667,True
ADD,uint32_t,2,256,32,2.752667,True
ADD,uint32_t,2,256,64,5.276,True
ADD,uint32_t,1,8192,128,322.927667,True
ADD,uint32_t,2,256,128,10.159667,True
ADD,uint32_t,2,512,8,1.784333,True
ADD,uint32_t,2,256,256,20.036333,True
ADD,uint32_t,2,512,16,3.057,True
ADD,uint32_t,2,512,32,5.455333,True
ADD,uint32_t,2,512,64,10.446,True
ADD,uint32_t,2,1024,8,3.487,True
ADD,uint32_t,2,512,128,20.246667,True
ADD,uint32_t,2,1024,16,6.06,True
ADD,uint32_t,1,16384,64,330.364667,True
ADD,uint32_t,2,512,256,40.014667,True
ADD,uint32_t,2,1024,32,10.858333,True
ADD,uint32_t,2,1024,64,20.754667,True
ADD,uint32_t,2,2048,8,6.990333,True
ADD,uint32_t,2,2048,16,12.060667,True
ADD,uint32_t,2,1024,128,40.438,True
ADD,uint32_t,2,2048,32,21.654333,True
ADD,uint32_t,2,1024,256,79.925667,True
ADD,uint32_t,2,2048,64,41.386,True
ADD,uint32_t,2,4096,8,13.931667,True
ADD,uint32_t,2,4096,16,24.080333,True
ADD,uint32_t,2,2048,128,80.819,True
ADD,uint32_t,1,8192,256,638.914333,True
ADD,uint32_t,2,4096,32,43.260333,True
ADD,uint32_t,2,8192,8,27.387667,True
ADD,uint32_t,2,4096,64,82.689667,True
ADD,uint32_t,2,2048,256,159.794333,True
ADD,uint32_t,1,16384,128,645.773667,True
ADD,uint32_t,2,8192,16,47.756333,True
ADD,uint32_t,2,8192,32,86.435,True
ADD,uint32_t,2,16384,8,54.939,True
ADD,uint32_t,2,4096,128,161.542667,True
ADD,uint32_t,2,8192,64,165.286667,True
ADD,uint32_t,2,16384,16,96.144333,True
ADD,uint32_t,2,4096,256,319.498667,True
ADD,uint32_t,2,16384,32,172.807333,True
ADD,uint32_t,4,256,8,0.956667,True
ADD,uint32_t,2,16384,256,NA,False
ADD,uint32_t,4,256,16,1.551333,True
ADD,uint32_t,4,256,32,2.767667,True
ADD,uint32_t,4,256,64,5.288333,True
ADD,uint32_t,2,8192,128,323.012333,True
ADD,uint32_t,4,256,128,10.173333,True
ADD,uint32_t,4,512,16,3.056667,True
ADD,uint32_t,4,512,8,1.843333,True
ADD,uint32_t,4,256,256,20.072,True
ADD,uint32_t,4,512,32,5.478,True
ADD,uint32_t,4,512,64,10.500333,True
ADD,uint32_t,4,512,128,20.258333,True
ADD,uint32_t,4,1024,8,3.637,True
ADD,uint32_t,2,16384,64,330.380667,True
ADD,uint32_t,4,1024,16,6.061333,True
ADD,uint32_t,4,512,256,40.039,True
ADD,uint32_t,4,1024,32,10.878667,True
ADD,uint32_t,4,1024,64,21.023333,True
ADD,uint32_t,4,2048,8,7.188,True
ADD,uint32_t,1,16384,256,1277.784,True
ADD,uint32_t,4,2048,16,12.072,True
ADD,uint32_t,4,1024,128,40.475,True
ADD,uint32_t,4,2048,32,21.681333,True
ADD,uint32_t,4,4096,8,14.297333,True
ADD,uint32_t,4,1024,256,80.000667,True
ADD,uint32_t,4,2048,64,41.527667,True
ADD,uint32_t,4,4096,16,24.095,True
ADD,uint32_t,2,8192,256,639.006333,True
ADD,uint32_t,4,2048,128,80.829333,True
ADD,uint32_t,4,4096,32,43.310667,True
ADD,uint32_t,4,8192,8,28.570333,True
ADD,uint32_t,4,4096,64,83.148,True
ADD,uint32_t,4,8192,16,48.109333,True
ADD,uint32_t,4,2048,256,159.846,True
ADD,uint32_t,4,8192,32,86.572,True
ADD,uint32_t,2,16384,128,645.724,True
ADD,uint32_t,4,4096,128,161.574,True
ADD,uint32_t,4,8192,256,NA,False
ADD,uint32_t,4,16384,8,57.131,True
ADD,uint32_t,4,16384,128,NA,False
ADD,uint32_t,4,8192,64,165.249667,True
ADD,uint32_t,4,16384,256,NA,False
ADD,uint32_t,4,16384,16,96.154667,True
ADD,uint32_t,8,256,8,1.043333,True
ADD,uint32_t,8,256,16,1.619333,True
ADD,uint32_t,8,256,32,2.879667,True
ADD,uint32_t,8,256,64,5.354,True
ADD,uint32_t,8,256,128,10.202,True
ADD,uint32_t,8,512,8,2.028333,True
ADD,uint32_t,8,512,16,3.173,True
ADD,uint32_t,8,512,32,5.672667,True
ADD,uint32_t,8,256,256,20.125,True
ADD,uint32_t,4,16384,32,172.98,True
ADD,uint32_t,4,4096,256,319.652333,True
ADD,uint32_t,8,512,64,10.733333,True
ADD,uint32_t,8,1024,8,3.99,True
ADD,uint32_t,8,1024,16,6.283,True
ADD,uint32_t,8,512,128,20.318,True
ADD,uint32_t,8,1024,32,11.265,True
ADD,uint32_t,8,1024,64,21.423,True
ADD,uint32_t,8,2048,8,7.93,True
ADD,uint32_t,8,512,256,40.093667,True
ADD,uint32_t,8,2048,16,12.485667,True
ADD,uint32_t,4,8192,128,323.099,True
ADD,uint32_t,8,1024,128,40.51,True
ADD,uint32_t,8,2048,32,22.494333,True
ADD,uint32_t,8,4096,8,15.780667,True
ADD,uint32_t,8,2048,64,42.784667,True
ADD,uint32_t,8,4096,16,24.878667,True
ADD,uint32_t,4,16384,64,330.604,True
ADD,uint32_t,8,1024,256,80.026667,True
ADD,uint32_t,8,4096,32,44.9,True
ADD,uint32_t,8,2048,128,80.892667,True
ADD,uint32_t,8,8192,8,31.483667,True
ADD,uint32_t,8,4096,256,NA,False
ADD,uint32_t,8,8192,16,49.768333,True
ADD,uint32_t,8,4096,64,85.488333,True
ADD,uint32_t,8,8192,128,NA,False
ADD,uint32_t,8,8192,256,NA,False
ADD,uint32_t,8,2048,256,159.964667,True
ADD,uint32_t,8,8192,32,89.647667,True
ADD,uint32_t,8,16384,8,63.060333,True
ADD,uint32_t,8,16384,64,NA,False
ADD,uint32_t,8,16384,256,NA,False
ADD,uint32_t,16,256,8,1.983333,True
ADD,uint32_t,16,256,16,2.549,True
ADD,uint32_t,16,256,32,3.809667,True
ADD,uint32_t,8,16384,128,NA,False
ADD,uint32_t,8,4096,128,161.671667,True
ADD,uint32_t,16,256,64,7.079,True
ADD,uint32_t,8,16384,16,99.414667,True
ADD,uint32_t,16,256,256,NA,False
ADD,uint32_t,16,256,128,13.858,True
ADD,uint32_t,16,512,8,3.894667,True
ADD,uint32_t,16,512,16,5.018667,True
ADD,uint32_t,16,512,32,7.522667,True
ADD,uint32_t,16,512,256,NA,False
ADD,uint32_t,16,512,64,14.061667,True
ADD,uint32_t,16,1024,8,7.696667,True
ADD,uint32_t,16,1024,16,9.964667,True
ADD,uint32_t,8,8192,64,167.294667,True
ADD,uint32_t,16,512,128,27.605333,True
ADD,uint32_t,16,1024,32,14.961,True
ADD,uint32_t,16,1024,256,NA,False
ADD,uint32_t,16,2048,8,15.306,True
ADD,uint32_t,16,2048,16,19.821333,True
ADD,uint32_t,16,1024,64,28.064,True
ADD,uint32_t,8,16384,32,179.319,True
ADD,uint32_t,16,2048,32,29.836667,True
ADD,uint32_t,16,2048,256,NA,False
ADD,uint32_t,16,4096,8,30.531667,True
ADD,uint32_t,16,1024,128,55.089667,True
ADD,uint32_t,16,4096,16,39.549333,True
ADD,uint32_t,16,2048,64,56.001667,True
ADD,uint32_t,16,4096,128,NA,False
ADD,uint32_t,16,4096,256,NA,False
ADD,uint32_t,16,4096,32,59.595333,True
ADD,uint32_t,16,8192,8,60.978,True
ADD,uint32_t,16,8192,256,NA,False
ADD,uint32_t,16,8192,64,NA,False
ADD,uint32_t,16,8192,128,NA,False
ADD,uint32_t,16,2048,128,110.101667,True
ADD,uint32_t,16,8192,16,79.039333,True
ADD,uint32_t,16,16384,128,NA,False
ADD,uint32_t,16,16384,32,NA,False
ADD,uint32_t,16,16384,64,NA,False
ADD,uint64_t,1,256,8,1.048333,True
ADD,uint32_t,16,16384,256,NA,False
ADD,uint64_t,1,256,16,1.724667,True
ADD,uint64_t,1,256,32,3.153,True
ADD,uint64_t,1,256,64,6.049,True
ADD,uint32_t,16,4096,64,111.942667,True
ADD,uint64_t,1,256,128,11.754,True
ADD,uint64_t,1,256,256,23.31,True
ADD,uint64_t,1,512,8,2.059667,True
ADD,uint64_t,1,512,16,3.397,True
ADD,uint32_t,16,16384,8,121.875,True
ADD,uint64_t,1,512,32,6.243667,True
ADD,uint64_t,1,512,64,12.065,True
ADD,uint64_t,1,1024,8,4.056333,True
ADD,uint64_t,1,1024,16,6.719,True
ADD,uint64_t,1,512,128,23.465,True
ADD,uint32_t,16,8192,32,119.086333,True
ADD,uint64_t,1,1024,32,12.442333,True
ADD,uint64_t,1,512,256,46.573,True
ADD,uint64_t,1,1024,64,24.075667,True
ADD,uint64_t,1,2048,8,8.050667,True
ADD,uint64_t,1,2048,16,13.397,True
ADD,uint64_t,1,2048,32,24.818333,True
ADD,uint64_t,1,1024,128,46.872667,True
ADD,uint64_t,1,4096,8,16.067,True
ADD,uint64_t,1,2048,64,48.086667,True
ADD,uint64_t,1,1024,256,93.056,True
ADD,uint64_t,1,4096,16,26.750333,True
ADD,uint64_t,1,4096,32,49.561333,True
ADD,uint32_t,16,16384,16,157.986333,True
ADD,uint64_t,1,2048,128,93.701,True
ADD,uint64_t,1,8192,8,32.069333,True
ADD,uint64_t,1,4096,64,96.106667,True
ADD,uint64_t,1,8192,16,53.426667,True
ADD,uint64_t,1,2048,256,186.032,True
ADD,uint64_t,1,8192,32,99.072667,True
ADD,uint64_t,1,4096,128,187.303,True
ADD,uint64_t,1,16384,8,64.091,True
ADD,uint64_t,1,8192,64,192.151667,True
ADD,uint64_t,1,16384,16,106.821,True
ADD,uint64_t,2,256,8,1.051667,True
ADD,uint64_t,2,256,16,1.744,True
ADD,uint64_t,1,16384,256,NA,False
ADD,uint64_t,2,256,32,3.151667,True
ADD,uint64_t,1,16384,32,198.067333,True
ADD,uint64_t,2,256,64,6.069667,True
ADD,uint64_t,1,4096,256,372.066,True
ADD,uint64_t,2,256,128,11.787333,True
ADD,uint64_t,2,512,8,2.054333,True
ADD,uint64_t,2,512,16,3.415,True
ADD,uint64_t,2,256,256,23.33,True
ADD,uint64_t,2,512,32,6.244,True
ADD,uint64_t,1,8192,128,374.565333,True
ADD,uint64_t,2,512,64,12.078,True
ADD,uint64_t,2,1024,8,4.058,True
ADD,uint64_t,2,512,128,23.486,True
ADD,uint64_t,2,1024,16,6.740333,True
ADD,uint64_t,2,1024,32,12.442667,True
ADD,uint64_t,2,512,256,46.589667,True
ADD,uint64_t,2,1024,64,24.088,True
ADD,uint64_t,2,2048,8,8.191667,True
ADD,uint64_t,2,2048,16,13.408667,True
ADD,uint64_t,2,1024,128,46.889333,True
ADD,uint64_t,1,16384,64,384.29,True
ADD,uint64_t,2,2048,32,24.815333,True
ADD,uint64_t,2,4096,8,16.072667,True
ADD,uint64_t,2,1024,256,93.084333,True
ADD,uint64_t,2,2048,64,48.1,True
ADD,uint64_t,2,4096,16,26.762667,True
ADD,uint64_t,2,4096,32,49.569667,True
ADD,uint64_t,2,2048,128,93.696667,True
ADD,uint64_t,2,8192,8,32.080333,True
ADD,uint64_t,2,4096,64,96.15,True
ADD,uint64_t,1,8192,256,743.979667,True
ADD,uint64_t,2,8192,16,53.488333,True
ADD,uint64_t,2,2048,256,186.09,True
ADD,uint64_t,1,16384,128,748.894,True
ADD,uint64_t,2,4096,128,187.276333,True
ADD,uint64_t,2,8192,256,NA,False
ADD,uint64_t,2,8192,32,99.100333,True
ADD,uint64_t,2,16384,8,64.116,True
ADD,uint64_t,2,16384,128,NA,False
ADD,uint64_t,2,16384,256,NA,False
ADD,uint64_t,2,8192,64,192.202333,True
ADD,uint64_t,2,16384,16,106.857,True
ADD,uint64_t,4,256,8,1.057667,True
ADD,uint64_t,4,256,16,1.795667,True
ADD,uint64_t,4,256,32,3.155667,True
ADD,uint64_t,4,256,64,6.074667,True
ADD,uint64_t,4,256,128,11.804667,True
ADD,uint64_t,4,512,8,2.061333,True
ADD,uint64_t,4,512,16,3.467,True
ADD,uint64_t,4,256,256,23.382667,True
ADD,uint64_t,2,4096,256,372.116333,True
ADD,uint64_t,4,512,32,6.258333,True
ADD,uint64_t,2,16384,32,198.097667,True
ADD,uint64_t,4,512,64,12.099333,True
ADD,uint64_t,4,1024,8,4.063,True
ADD,uint64_t,4,1024,16,6.844667,True
ADD,uint64_t,4,512,128,23.506333,True
ADD,uint64_t,4,1024,32,12.448,True
ADD,uint64_t,4,1024,64,24.101333,True
ADD,uint64_t,4,2048,8,8.069667,True
ADD,uint64_t,4,512,256,46.662333,True
ADD,uint64_t,4,2048,16,13.492,True
ADD,uint64_t,2,8192,128,374.574667,True
ADD,uint64_t,4,1024,128,46.934333,True
ADD,uint64_t,4,2048,32,24.854,True
ADD,uint64_t,4,4096,8,16.087667,True
ADD,uint64_t,4,2048,64,48.116667,True
ADD,uint64_t,4,4096,16,26.790667,True
ADD,uint64_t,2,16384,64,384.403,True
ADD,uint64_t,4,1024,256,93.163333,True
ADD,uint64_t,4,4096,32,49.610333,True
ADD,uint64_t,4,2048,128,93.740667,True
ADD,uint64_t,4,8192,8,32.093,True
ADD,uint64_t,4,4096,256,NA,False
ADD,uint64_t,4,8192,16,53.527333,True
ADD,uint64_t,4,4096,64,96.179333,True
ADD,uint64_t,4,8192,128,NA,False
ADD,uint64_t,4,8192,256,NA,False
ADD,uint64_t,4,8192,32,99.139333,True
ADD,uint64_t,4,2048,256,186.168333,True
ADD,uint64_t,4,16384,8,64.111333,True
ADD,uint64_t,4,16384,64,NA,False
ADD,uint64_t,4,16384,256,NA,False
ADD,uint64_t,8,256,8,1.303667,True
ADD,uint64_t,8,256,16,1.980667,True
ADD,uint64_t,8,256,32,3.364667,True
ADD,uint64_t,8,256,64,6.303667,True
ADD,uint64_t,4,16384,128,NA,False
ADD,uint64_t,4,4096,128,187.368,True
ADD,uint64_t,4,16384,16,106.961667,True
ADD,uint64_t,8,256,128,11.855667,True
ADD,uint64_t,8,512,8,2.696667,True
ADD,uint64_t,8,512,16,3.894333,True
ADD,uint64_t,8,512,32,6.639333,True
ADD,uint64_t,8,1024,8,5.038,True
ADD,uint64_t,8,256,256,23.459667,True
ADD,uint64_t,8,512,64,12.512667,True
ADD,uint64_t,4,8192,64,192.255,True
ADD,uint64_t,8,1024,16,7.729333,True
ADD,uint64_t,8,512,128,23.568667,True
ADD,uint64_t,8,1024,32,13.205667,True
ADD,uint64_t,8,2048,8,10.018,True
ADD,uint64_t,8,1024,64,24.9,True
ADD,uint64_t,8,2048,16,15.389333,True
ADD,uint64_t,4,16384,32,198.144333,True
ADD,uint64_t,8,512,256,46.741333,True
ADD,uint64_t,8,2048,32,26.343667,True
ADD,uint64_t,8,1024,128,47.015,True
ADD,uint64_t,8,4096,8,19.962333,True
ADD,uint64_t,8,2048,256,NA,False
ADD,uint64_t,8,4096,16,30.72,True
ADD,uint64_t,8,2048,64,49.636333,True
ADD,uint64_t,8,4096,128,NA,False
ADD,uint64_t,8,4096,256,NA,False
ADD,uint64_t,8,1024,256,93.276333,True
ADD,uint64_t,8,8192,8,39.880667,True
ADD,uint64_t,8,4096,32,52.604,True
ADD,uint64_t,8,8192,64,NA,False
ADD,uint64_t,8,8192,256,NA,False
ADD,uint64_t,8,8192,128,NA,False
ADD,uint64_t,8,2048,128,93.875667,True
ADD,uint64_t,8,8192,16,61.383667,True
ADD,uint64_t,8,16384,128,NA,False
ADD,uint64_t,8,16384,32,NA,False
ADD,uint64_t,8,16384,256,NA,False
ADD,uint64_t,16,256,8,2.602333,True
ADD,uint64_t,8,4096,64,99.101333,True
ADD,uint64_t,8,16384,64,NA,False
ADD,uint64_t,16,256,16,3.802667,True
ADD,uint64_t,16,256,128,NA,False
ADD,uint64_t,16,256,32,6.259,True
ADD,uint64_t,8,16384,8,79.671333,True
ADD,uint64_t,16,256,256,NA,False
ADD,uint64_t,16,512,8,5.126667,True
ADD,uint64_t,16,256,64,11.299,True
ADD,uint64_t,16,512,16,7.521667,True
ADD,uint64_t,16,512,128,NA,False
ADD,uint64_t,16,512,32,12.438,True
ADD,uint64_t,8,8192,32,105.164667,True
ADD,uint64_t,16,512,256,NA,False
ADD,uint64_t,16,1024,8,10.176333,True
ADD,uint64_t,16,512,64,22.306667,True
ADD,uint64_t,16,1024,16,15.011667,True
ADD,uint64_t,16,1024,128,NA,False
ADD,uint64_t,16,2048,8,20.257333,True
ADD,uint64_t,16,1024,32,24.778333,True
ADD,uint64_t,16,1024,256,NA,False
ADD,uint64_t,8,16384,16,122.661333,True
ADD,uint64_t,16,2048,16,29.953333,True
ADD,uint64_t,16,1024,64,44.523333,True
ADD,uint64_t,16,2048,128,NA,False
ADD,uint64_t,16,2048,256,NA,False
ADD,uint64_t,16,4096,8,40.450667,True
ADD,uint64_t,16,4096,256,NA,False
ADD,uint64_t,16,2048,32,49.472667,True
ADD,uint64_t,16,4096,64,NA,False
ADD,uint64_t,16,4096,128,NA,False
ADD,uint64_t,16,4096,16,59.577333,True
ADD,uint64_t,16,8192,128,NA,False
ADD,uint64_t,16,8192,32,NA,False
ADD,uint64_t,16,8192,256,NA,False
ADD,uint64_t,16,8192,64,NA,False
ADD,uint64_t,16,2048,64,88.970333,True
ADD,uint64_t,16,16384,64,NA,False
ADD,uint64_t,16,16384,16,NA,False
ADD,uint64_t,16,8192,8,80.791,True
ADD,uint64_t,16,16384,128,NA,False
ADD,uint64_t,16,16384,32,NA,False
ADD,uint64_t,16,16384,256,NA,False
ADD,uint64_t,16,4096,32,98.839,True
ADD,uint64_t,16,8192,16,119.240667,True
ADD,uint64_t,16,16384,8,161.494,True
