data_type,thread,iteration,buffer_size,measured,predicted,error_percent
uint16_t,1,256,16,1.164000,1.164108,0.01
uint16_t,1,256,64,3.749667,3.755486,0.16
uint16_t,1,512,16,2.372000,2.262201,-4.63
uint16_t,1,256,8,0.724667,0.737831,1.82
uint16_t,1,256,32,2.054667,2.035020,-0.96
uint16_t,1,512,8,1.406000,1.409648,0.26
uint16_t,1,256,128,7.215000,7.201904,-0.18
uint16_t,1,256,256,14.101000,14.096130,-0.03
uint16_t,1,512,32,4.051333,4.004025,-1.17
uint16_t,1,1024,8,2.760000,2.753282,-0.24
uint16_t,1,1024,16,4.519333,4.458389,-1.35
uint16_t,1,512,64,7.449000,7.444958,-0.05
uint16_t,1,1024,32,8.060000,7.942037,-1.46
uint16_t,1,512,128,14.356333,14.337794,-0.13
uint16_t,1,512,256,28.137000,28.126247,-0.04
uint16_t,1,1024,64,14.870000,14.823902,-0.31
uint16_t,1,2048,8,5.490000,5.440551,-0.90
uint16_t,1,2048,16,8.944667,8.850764,-1.05
uint16_t,1,2048,32,16.073333,15.818060,-1.59
uint16_t,1,1024,128,28.672000,28.609575,-0.22
uint16_t,1,2048,64,29.685333,29.581790,-0.35
uint16_t,1,1024,256,56.228000,56.186480,-0.07
uint16_t,1,4096,8,10.931333,10.815088,-1.06
uint16_t,1,4096,16,17.857333,17.635513,-1.24
uint16_t,1,2048,128,57.268333,57.153136,-0.20
uint16_t,1,4096,32,32.089667,31.570105,-1.62
uint16_t,1,8192,8,21.809667,21.564162,-1.13
uint16_t,1,4096,64,59.297000,59.097566,-0.34
uint16_t,1,2048,256,112.406000,112.306946,-0.09
uint16_t,1,8192,16,35.651000,35.205013,-1.25
uint16_t,1,8192,32,64.119000,63.074197,-1.63
uint16_t,1,4096,128,114.478333,114.240258,-0.21
uint16_t,1,16384,8,43.555000,43.062311,-1.13
uint16_t,1,8192,64,118.564000,118.129118,-0.37
uint16_t,1,16384,16,71.233667,70.344012,-1.25
uint16_t,1,4096,256,224.661333,224.547879,-0.05
uint16_t,2,256,8,0.737667,0.738224,0.08
uint16_t,1,16384,32,128.182667,126.082380,-1.64
uint16_t,2,256,16,1.163667,1.168306,0.40
uint16_t,2,256,32,2.043667,2.072203,1.40
uint16_t,1,8192,128,228.904333,228.414503,-0.21
uint16_t,2,256,64,3.797333,3.832189,0.92
uint16_t,2,256,128,7.203333,7.318561,1.60
uint16_t,2,512,8,1.424333,1.410041,-1.00
uint16_t,2,256,256,14.110000,14.312756,1.44
uint16_t,2,512,16,2.462000,2.270305,-7.79
uint16_t,2,512,32,4.066333,4.078263,0.29
uint16_t,1,16384,64,237.048333,236.192222,-0.36
uint16_t,2,512,64,7.479000,7.598241,1.59
uint16_t,2,512,128,14.362333,14.570986,1.45
uint16_t,2,1024,8,2.777000,2.753676,-0.84
uint16_t,2,1024,16,4.513000,4.474305,-0.86
uint16_t,2,1024,32,8.071667,8.090383,0.23
uint16_t,2,512,256,28.145667,28.559375,1.47
uint16_t,2,1024,64,14.905000,15.130346,1.51
uint16_t,2,2048,8,5.514333,5.440944,-1.33
uint16_t,2,1024,128,28.671667,29.075837,1.41
uint16_t,2,2048,16,8.962667,8.882303,-0.90
uint16_t,1,8192,256,449.403333,449.029744,-0.08
uint16_t,2,2048,32,16.068333,16.114623,0.29
uint16_t,2,1024,256,56.250667,57.052614,1.43
uint16_t,2,4096,8,10.980000,10.815481,-1.50
uint16_t,2,2048,64,29.726000,30.194557,1.58
uint16_t,2,4096,16,17.850000,17.698299,-0.85
uint16_t,2,2048,128,57.282333,58.085537,1.40
uint16_t,1,16384,128,457.659000,456.762992,-0.20
uint16_t,2,4096,32,32.090000,32.163102,0.23
uint16_t,2,2048,256,112.418333,114.039092,1.44
uint16_t,2,8192,8,21.899333,21.564556,-1.53
uint16_t,2,4096,64,59.350333,60.322977,1.64
uint16_t,2,8192,16,35.671000,35.330292,-0.96
uint16_t,2,8192,32,64.120000,64.260060,0.22
uint16_t,2,4096,128,114.506000,116.104938,1.40
uint16_t,2,16384,8,43.747333,43.062704,-1.56
uint16_t,2,8192,64,118.580333,120.579818,1.69
uint16_t,2,16384,16,71.247333,70.594277,-0.92
uint16_t,2,4096,256,224.785333,228.012047,1.44
uint16_t,2,16384,32,128.199000,128.453976,0.20
uint16_t,4,256,8,0.763333,0.820465,7.48
uint16_t,4,256,16,1.176667,1.172924,-0.32
uint16_t,2,8192,128,229.046000,232.143741,1.35
uint16_t,4,256,32,2.059333,2.077168,0.87
uint16_t,4,256,64,3.794333,3.834701,1.06
uint16_t,4,256,128,7.218000,7.322010,1.44
uint16_t,4,256,256,14.118000,14.318555,1.42
uint16_t,1,16384,256,898.848667,897.993474,-0.10
uint16_t,4,512,8,1.454667,1.574357,8.23
uint16_t,4,512,16,2.411667,2.275135,-5.66
uint16_t,4,512,32,4.058667,4.083275,0.61
uint16_t,2,16384,64,237.162333,241.093501,1.66
uint16_t,4,512,64,7.519667,7.601058,1.08
uint16_t,4,512,128,14.379000,14.574703,1.36
uint16_t,4,1024,8,2.877000,3.082259,7.13
uint16_t,4,1024,16,4.550333,4.479552,-1.56
uint16_t,4,512,256,28.169333,28.565311,1.41
uint16_t,4,1024,32,8.066667,8.095292,0.35
uint16_t,4,1024,64,14.899000,15.133766,1.58
uint16_t,2,8192,256,449.474000,455.957958,1.44
uint16_t,4,2048,8,5.686667,6.098143,7.24
uint16_t,4,1024,128,28.700000,29.080084,1.32
uint16_t,4,2048,16,9.028667,8.888386,-1.55
uint16_t,4,2048,32,16.077667,16.119325,0.26
uint16_t,4,1024,256,56.234000,57.058819,1.47
uint16_t,4,2048,64,29.757333,30.199183,1.48
uint16_t,4,4096,8,11.314667,12.129913,7.21
uint16_t,4,4096,16,18.036667,17.706053,-1.83
uint16_t,4,2048,128,57.288667,58.090845,1.40
uint16_t,4,4096,32,32.088000,32.167392,0.25
uint16_t,2,16384,128,457.717667,464.221345,1.42
uint16_t,4,8192,8,22.586667,24.193452,7.11
uint16_t,4,4096,64,59.401000,60.330016,1.56
uint16_t,4,2048,256,112.429000,114.045834,1.44
uint16_t,4,8192,16,36.025000,35.341387,-1.90
uint16_t,4,4096,128,114.497667,116.112368,1.41
uint16_t,4,8192,32,64.123000,64.263525,0.22
uint16_t,4,16384,8,45.088000,48.320531,7.17
uint16_t,4,8192,64,118.666000,120.591682,1.62
uint16_t,4,16384,16,71.980667,70.612055,-1.90
uint16_t,4,4096,256,224.708000,228.019863,1.47
uint16_t,4,16384,32,128.188333,128.461507,0.21
uint16_t,8,256,8,0.878000,0.841276,-4.18
uint16_t,4,8192,128,228.981667,232.155413,1.39
uint16_t,8,256,32,2.060000,2.079685,0.96
uint16_t,8,256,16,1.228333,1.212241,-1.31
uint16_t,8,256,64,3.796000,3.765373,-0.81
uint16_t,8,512,8,1.685000,1.613109,-4.27
uint16_t,8,256,128,7.269333,7.329570,0.83
uint16_t,8,256,256,14.161667,14.330945,1.20
uint16_t,8,512,16,2.362667,2.353015,-0.41
uint16_t,2,16384,256,898.645667,911.849780,1.47
uint16_t,8,512,32,4.067333,4.086502,0.47
uint16_t,8,512,64,7.521333,7.454845,-0.88
uint16_t,8,1024,8,3.333000,3.156595,-5.29
uint16_t,8,512,128,14.397000,14.583330,1.29
uint16_t,8,1024,16,4.664667,4.634469,-0.65
uint16_t,4,16384,64,237.282333,241.115015,1.62
uint16_t,8,1024,32,8.072667,8.100140,0.34
uint16_t,8,512,256,28.200333,28.579411,1.34
uint16_t,8,1024,64,14.996333,14.833792,-1.08
uint16_t,8,2048,8,6.598667,6.243198,-5.39
uint16_t,8,2048,16,9.254000,9.197173,-0.61
uint16_t,8,1024,128,28.710000,29.090853,1.33
uint16_t,8,2048,32,16.090667,16.127410,0.23
uint16_t,4,8192,256,449.496000,455.967922,1.44
uint16_t,8,1024,256,56.287333,57.076348,1.40
uint16_t,8,4096,8,13.120333,12.416800,-5.36
uint16_t,8,2048,64,29.865333,29.591680,-0.92
uint16_t,8,4096,16,18.457667,18.322583,-0.73
uint16_t,8,2048,128,57.362000,58.105894,1.30
uint16_t,8,4096,32,32.106000,32.181949,0.24
uint16_t,8,8192,8,26.193333,24.766123,-5.45
uint16_t,8,4096,64,59.660333,59.107456,-0.93
uint16_t,8,8192,16,36.848667,36.574647,-0.74
uint16_t,8,2048,256,112.475000,114.070214,1.42
uint16_t,4,16384,128,457.798667,464.241504,1.41
uint16_t,8,8192,32,64.139667,64.291027,0.24
uint16_t,8,4096,128,114.639333,116.135975,1.31
uint16_t,8,16384,8,52.297333,49.464769,-5.42
uint16_t,8,16384,16,73.619000,73.079109,-0.73
uint16_t,8,8192,64,119.195667,118.139008,-0.89
uint16_t,16,256,8,1.695667,1.569934,-7.41
uint16_t,16,256,16,1.709667,1.927125,12.72
uint16_t,16,256,32,2.789000,2.682637,-3.81
uint16_t,16,256,64,5.228333,5.105198,-2.36
uint16_t,8,4096,256,224.899667,228.057948,1.40
uint16_t,16,256,128,10.115667,9.946686,-1.67
uint16_t,16,512,8,2.940000,3.073283,4.53
uint16_t,8,16384,32,128.229333,128.509184,0.22
uint16_t,16,512,16,3.353000,3.785773,12.91
uint16_t,16,256,256,19.877000,19.608231,-1.35
uint16_t,16,512,32,5.487333,5.270518,-3.95
uint16_t,16,512,64,10.364000,10.117819,-2.38
uint16_t,16,1024,8,5.797333,6.079981,4.88
uint16_t,16,1024,16,6.605667,7.503068,13.59
uint16_t,16,1024,32,10.902000,10.446280,-4.18
uint16_t,16,512,128,20.138333,19.793647,-1.71
uint16_t,8,8192,128,229.150000,232.196137,1.33
uint16_t,16,512,256,39.668000,39.115743,-1.39
uint16_t,16,1024,64,20.659000,20.143061,-2.50
uint16_t,16,2048,8,11.523667,12.092279,4.93
uint16_t,16,2048,16,13.171667,14.936401,13.40
uint16_t,16,1024,128,40.202667,39.487568,-1.78
uint16_t,16,2048,32,21.721333,20.797805,-4.25
uint16_t,8,16384,64,238.315667,236.202112,-0.89
uint16_t,16,4096,8,22.979000,24.117726,4.96
uint16_t,16,2048,64,41.234333,40.193349,-2.52
uint16_t,16,1024,256,79.218333,78.130765,-1.37
uint16_t,16,4096,16,26.251000,29.802837,13.53
uint16_t,16,4096,32,43.354667,41.500851,-4.28
uint16_t,16,2048,128,80.273667,78.875413,-1.74
uint16_t,16,8192,8,45.888333,48.171310,4.98
uint16_t,16,8192,16,52.396667,59.541201,13.64
uint16_t,16,4096,64,82.375333,80.293519,-2.53
uint16_t,16,2048,256,158.310333,156.160813,-1.36
uint16_t,16,8192,32,86.625667,82.906942,-4.29
uint16_t,16,16384,8,91.705333,96.278479,4.99
uint16_t,16,4096,128,160.461333,157.651097,-1.75
uint32_t,1,256,16,1.083000,1.069534,-1.24
uint32_t,1,256,8,0.673000,0.681365,1.24
uint32_t,1,256,32,1.815333,1.824514,0.51
uint32_t,1,256,64,3.340667,3.339961,-0.02
uint16_t,16,16384,16,104.718333,119.017930,13.66
uint32_t,1,256,128,6.367333,6.372245,0.08
uint32_t,1,512,8,1.309333,1.296716,-0.96
uint32_t,1,256,256,12.439667,12.458096,0.15
uint32_t,1,512,16,2.111000,2.073054,-1.80
uint32_t,1,512,32,3.596000,3.583015,-0.36
uint32_t,1,512,64,6.625000,6.613909,-0.17
uint16_t,16,8192,64,164.679667,160.493861,-2.54
uint32_t,1,1024,8,2.571333,2.527417,-1.71
uint32_t,1,512,128,12.697333,12.678476,-0.15
uint32_t,1,1024,16,4.061333,4.080094,0.46
uint32_t,1,1024,32,7.159333,7.100016,-0.83
uint32_t,1,512,256,24.830000,24.850178,0.08
uint32_t,1,1024,64,13.225000,13.161804,-0.48
uint32_t,1,2048,8,5.089000,4.988821,-1.97
uint32_t,1,2048,16,8.064333,8.094174,0.37
uint32_t,1,1024,128,25.339000,25.290937,-0.19
uint32_t,1,2048,32,14.233333,14.134018,-0.70
uint16_t,16,16384,32,173.119667,165.719476,-4.27
uint32_t,1,2048,64,26.372333,26.257593,-0.44
uint32_t,1,1024,256,49.582333,49.634343,0.10
uint32_t,1,4096,8,10.115000,9.911628,-2.01
uint32_t,1,4096,16,16.080667,16.122334,0.26
uint32_t,1,2048,128,50.599333,50.515861,-0.16
uint32_t,1,4096,32,28.428667,28.202023,-0.80
uint32_t,1,8192,8,20.179000,19.757241,-2.09
uint32_t,1,4096,64,52.675333,52.449173,-0.43
uint32_t,1,8192,16,32.113667,32.178654,0.20
uint32_t,1,2048,256,99.119667,99.202672,0.08
uint32_t,1,8192,32,56.782667,56.338032,-0.78
uint32_t,1,4096,128,101.174333,100.965708,-0.21
uint32_t,1,16384,8,40.358000,39.448469,-2.25
uint32_t,1,8192,64,105.270000,104.832332,-0.42
uint32_t,1,16384,16,64.176333,64.291294,0.18
uint32_t,1,4096,256,198.133667,198.339330,0.10
uint32_t,2,256,8,0.710000,0.719308,1.31
uint32_t,2,256,16,1.057333,1.106710,4.67
uint32_t,2,256,32,1.857667,1.901217,2.34
uint32_t,1,16384,32,113.508333,112.610050,-0.79
uint32_t,1,8192,128,202.247667,201.865401,-0.19
uint32_t,2,256,64,3.338333,3.456618,3.54
uint32_t,2,256,128,6.379000,6.588870,3.29
uint32_t,2,256,256,12.461667,12.788654,2.62
uint32_t,2,512,8,1.341000,1.372473,2.35
uint32_t,2,512,16,2.062000,2.147285,4.14
uint32_t,2,512,32,3.640667,3.736298,2.63
uint32_t,1,16384,64,210.492333,209.598649,-0.42
uint32_t,2,512,64,6.656000,6.847101,2.87
uint32_t,2,512,128,12.693333,13.111604,3.30
uint32_t,2,1024,8,2.632333,2.678805,1.77
uint32_t,2,512,256,24.843667,25.511708,2.69
uint32_t,2,1024,16,4.072667,4.228433,3.82
uint32_t,2,1024,32,7.203667,7.406461,2.82
uint32_t,2,1024,64,13.365333,13.628065,1.97
uint32_t,2,2048,8,5.340667,5.291468,-0.92
uint32_t,2,2048,16,8.098667,8.390730,3.61
uint32_t,2,1024,128,25.338667,26.157071,3.23
uint32_t,1,8192,256,396.234000,396.612647,0.10
uint32_t,2,2048,32,14.324333,14.746785,2.95
uint32_t,2,1024,256,49.600667,50.957816,2.74
uint32_t,2,2048,64,26.372667,27.189994,3.10
uint32_t,2,4096,8,10.580667,10.516793,-0.60
uint32_t,2,4096,16,16.098667,16.715323,3.83
uint32_t,1,16384,128,404.486333,403.664789,-0.20
uint32_t,2,2048,128,50.616333,52.248006,3.22
uint32_t,2,4096,32,28.516000,29.427434,3.20
uint32_t,2,4096,64,52.687000,54.313853,3.09
uint32_t,2,2048,256,99.145000,101.850030,2.73
uint32_t,2,8192,8,20.756000,20.967445,1.02
uint32_t,2,8192,16,32.145333,33.364510,3.79
uint32_t,2,8192,32,56.914667,58.788733,3.29
uint32_t,2,4096,128,101.174667,104.429876,3.22
uint32_t,2,16384,8,41.463667,41.868748,0.98
uint32_t,2,8192,64,105.300333,108.561569,3.10
uint32_t,2,16384,16,64.215000,66.662883,3.81
uint32_t,2,4096,256,198.202667,203.634460,2.74
uint32_t,2,16384,32,113.862667,117.511329,3.20
uint32_t,4,256,8,0.717667,0.688468,-4.07
uint32_t,2,8192,128,202.227667,208.793615,3.25
uint32_t,4,256,16,1.092000,1.109881,1.64
uint32_t,4,256,32,1.876667,1.903818,1.45
uint32_t,4,256,64,3.349000,3.460086,3.32
uint32_t,4,512,8,1.391000,1.307904,-5.97
uint32_t,4,256,128,6.389667,6.594691,3.21
uint32_t,4,512,16,2.113667,2.150597,1.75
uint32_t,1,16384,256,792.429333,793.159280,0.09
uint32_t,4,256,256,12.466333,13.051721,4.70
uint32_t,4,512,32,3.676333,3.739216,1.71
uint32_t,4,512,64,6.645667,6.850808,3.09
uint32_t,4,1024,8,2.719333,2.546770,-6.35
uint32_t,2,16384,64,210.489333,217.057002,3.12
uint32_t,4,512,128,12.720333,13.117649,3.12
uint32_t,4,1024,16,4.172667,4.231831,1.42
uint32_t,4,512,256,24.861333,26.033221,4.71
uint32_t,4,1024,32,7.260667,7.410007,2.06
uint32_t,4,1024,64,13.225000,13.632248,3.08
uint32_t,4,2048,8,5.374667,5.024502,-6.52
uint32_t,4,2048,16,8.388000,8.394298,0.08
uint32_t,4,1024,128,25.365000,26.163561,3.15
uint32_t,4,2048,32,14.421333,14.751587,2.29
uint32_t,2,8192,256,396.353333,407.203320,2.74
uint32_t,4,1024,256,49.641333,51.996336,4.74
uint32_t,4,2048,64,26.374000,27.195128,3.11
uint32_t,4,4096,8,10.709000,9.979967,-6.81
uint32_t,4,4096,16,16.557667,16.719459,0.98
uint32_t,4,2048,128,50.653000,52.255383,3.16
uint32_t,4,4096,32,28.788000,29.434747,2.25
uint32_t,4,8192,8,21.378667,19.890896,-6.96
uint32_t,4,4096,64,52.687000,54.320888,3.10
uint32_t,4,2048,256,99.149667,103.924995,4.82
uint32_t,2,16384,128,404.462667,417.521094,3.23
uint32_t,4,8192,16,33.074000,33.372415,0.90
uint32_t,4,8192,32,57.642333,58.801069,2.01
uint32_t,4,4096,128,101.242000,104.439029,3.16
uint32_t,4,16384,8,42.713667,39.712755,-7.03
uint32_t,4,16384,16,66.037667,66.678329,0.97
uint32_t,4,8192,64,105.342333,108.572407,3.07
uint32_t,8,256,8,0.928000,0.996229,7.35
uint32_t,8,256,16,1.187333,1.206586,1.62
uint32_t,8,256,32,1.958333,1.912510,-2.34
uint32_t,4,4096,256,198.255333,207.782311,4.81
uint32_t,8,256,64,3.373000,3.467706,2.81
uint32_t,8,256,128,6.442000,6.607418,2.57
uint32_t,8,512,8,1.824667,1.925538,5.53
uint32_t,8,512,16,2.309667,2.344220,1.50
uint32_t,4,16384,32,114.965333,117.533711,2.23
uint32_t,8,512,32,3.838667,3.751198,-2.28
uint32_t,8,256,256,12.499333,13.067014,4.54
uint32_t,8,512,64,6.673000,6.859545,2.80
uint32_t,8,1024,8,3.568333,3.783754,6.04
uint32_t,8,512,128,12.761000,13.132257,2.91
uint32_t,8,1024,16,4.567000,4.619232,1.14
uint32_t,8,1024,32,7.625333,7.428436,-2.58
uint32_t,4,8192,128,202.371667,208.806321,3.18
uint32_t,8,512,256,24.891667,26.050029,4.65
uint32_t,8,1024,64,13.268667,13.643226,2.82
uint32_t,8,2048,8,7.085667,7.500926,5.86
uint32_t,8,2048,16,9.063000,9.168844,1.17
uint32_t,8,2048,32,15.204000,14.782623,-2.77
uint32_t,8,1024,128,25.418000,26.181937,3.01
uint32_t,4,16384,64,210.563333,217.075446,3.09
uint32_t,8,4096,8,14.123000,14.937284,5.77
uint32_t,8,2048,64,26.476333,27.210582,2.77
uint32_t,8,1024,256,49.656000,52.015395,4.75
uint32_t,8,4096,16,18.069333,18.268612,1.10
uint32_t,8,4096,32,30.339667,29.490999,-2.80
uint32_t,8,2048,128,50.752000,52.281292,3.01
uint32_t,8,8192,8,28.183000,29.810002,5.77
uint32_t,8,4096,64,52.885333,54.345295,2.76
uint32_t,8,8192,16,36.070333,36.470239,1.11
uint32_t,8,2048,256,99.229000,103.946243,4.75
uint32_t,8,8192,32,60.569000,58.907749,-2.74
uint32_t,8,16384,8,56.256333,59.555437,5.86
uint32_t,8,4096,128,101.396333,104.480001,3.04
uint32_t,16,256,8,1.770000,1.924952,8.75
uint32_t,16,256,16,2.168333,2.169723,0.06
uint32_t,8,16384,16,72.092333,72.874551,1.09
uint32_t,16,256,32,2.956667,3.191829,7.95
uint32_t,16,256,64,4.644000,4.634592,-0.20
uint32_t,16,256,128,8.618000,8.368793,-2.89
uint32_t,8,8192,64,105.692667,108.614720,2.76
uint32_t,16,512,8,3.457667,3.783600,9.43
uint32_t,16,512,16,4.264333,4.272493,0.19
uint32_t,16,512,32,5.824667,6.314086,8.40
uint32_t,16,512,64,9.133667,9.192211,0.64
uint32_t,16,1024,8,6.858333,7.500896,9.37
uint32_t,16,256,256,16.895333,16.871231,-0.14
uint32_t,16,1024,16,8.454667,8.478032,0.28
uint32_t,8,16384,32,121.173000,117.743742,-2.83
uint32_t,16,1024,32,11.543667,12.559621,8.80
uint32_t,16,512,128,17.143333,16.622891,-3.04
uint32_t,16,2048,8,13.613333,14.934030,9.70
uint32_t,16,1024,64,18.214000,18.307450,0.51
uint32_t,16,512,256,33.672000,33.718196,0.14
uint32_t,16,2048,16,16.834333,16.887297,0.31
uint32_t,16,2048,32,23.013667,25.046585,8.83
uint32_t,16,1024,128,34.187333,33.131088,-3.09
uint32_t,16,4096,8,27.169667,29.801472,9.69
uint32_t,16,2048,64,36.299000,36.535521,0.65
uint32_t,16,4096,16,33.563667,33.707634,0.43
uint32_t,16,1024,256,67.230333,67.412127,0.27
uint32_t,16,4096,32,45.934667,50.024885,8.90
uint32_t,16,8192,8,54.251333,59.539623,9.75
uint32_t,16,2048,128,68.286333,66.147334,-3.13
uint32_t,16,8192,16,67.044667,67.351943,0.46
uint32_t,16,4096,64,72.409333,72.987424,0.80
uint64_t,1,256,8,0.890000,0.908620,2.09
uint64_t,1,256,16,1.447667,1.502686,3.80
uint64_t,1,256,32,2.577000,2.696304,4.63
uint64_t,1,256,64,4.842333,5.084930,5.01
uint64_t,1,512,8,1.715000,1.751225,2.11
uint64_t,1,256,128,9.354667,9.883468,5.65
uint32_t,16,8192,32,91.783000,99.987597,8.94
uint64_t,1,256,256,18.442333,19.471838,5.58
uint64_t,1,512,16,2.858333,2.939358,2.83
uint64_t,1,512,32,5.095000,5.326594,4.55
uint32_t,16,16384,8,108.439667,119.016352,9.75
uint64_t,1,512,64,9.638333,10.103847,4.83
uint64_t,1,1024,8,3.383667,3.436437,1.56
uint64_t,1,1024,16,5.660667,5.812702,2.69
uint64_t,1,512,128,18.658333,19.700921,5.59
uint64_t,1,1024,32,10.128667,10.587175,4.53
uint64_t,1,512,256,36.835000,38.877662,5.55
uint64_t,1,1024,64,19.226333,20.141680,4.76
uint64_t,1,2048,8,6.723000,6.806860,1.25
uint64_t,1,2048,16,11.335333,11.559390,1.98
uint64_t,1,1024,128,37.253667,39.335829,5.59
uint64_t,1,2048,32,20.206667,21.108336,4.46
uint32_t,16,16384,16,134.066000,134.640563,0.43
uint64_t,1,2048,64,38.396333,40.217346,4.74
uint64_t,1,1024,256,73.590000,77.689310,5.57
uint64_t,1,4096,8,13.406667,13.547705,1.05
uint64_t,1,4096,16,22.476000,23.052766,2.57
uint64_t,1,2048,128,74.444000,78.605644,5.59
uint64_t,1,4096,32,40.363333,42.150658,4.43
uint64_t,1,8192,8,26.756000,27.029397,1.02
uint64_t,1,4096,64,76.728667,80.368679,4.74
uint64_t,1,8192,16,44.896000,46.039518,2.55
uint64_t,1,2048,256,147.159667,155.312606,5.54
uint64_t,1,8192,32,80.629333,84.235303,4.47
uint64_t,1,4096,128,148.822333,157.145273,5.59
uint64_t,1,16384,8,53.439667,53.992780,1.04
uint64_t,1,8192,64,153.421667,160.671344,4.73
uint64_t,1,16384,16,89.743667,92.013022,2.53
uint64_t,2,256,8,0.895000,0.928834,3.78
uint64_t,1,4096,256,294.114000,310.559198,5.59
uint64_t,2,256,16,1.463667,1.579389,7.91
uint64_t,2,256,32,2.575333,2.812961,9.23
uint64_t,1,16384,32,161.253333,168.404592,4.43
uint64_t,2,256,64,4.899000,5.301556,8.22
uint64_t,2,256,128,9.373333,10.214026,8.97
uint64_t,2,512,8,1.834667,1.791364,-2.36
uint64_t,1,8192,128,297.661000,314.224533,5.56
uint64_t,2,512,16,2.877333,3.092641,7.48
uint64_t,2,256,256,18.467667,19.482116,5.49
uint64_t,2,512,32,5.097000,5.559786,9.08
uint64_t,2,512,64,9.667000,10.536975,9.00
uint64_t,2,1024,8,3.412667,3.516424,3.04
uint64_t,2,512,128,18.664667,20.362451,9.10
uint64_t,2,1024,16,5.675667,6.119146,7.81
uint64_t,2,1024,32,10.136333,11.053437,9.05
uint64_t,2,512,256,36.841000,38.887940,5.56
uint64_t,2,1024,64,19.241333,21.007814,9.18
uint64_t,1,16384,64,306.859667,321.276674,4.70
uint64_t,2,2048,8,6.730000,6.966543,3.51
uint64_t,2,1024,128,37.261333,40.659301,9.12
uint64_t,2,2048,16,11.280667,12.172157,7.90
uint64_t,2,2048,32,20.211333,22.040737,9.05
uint64_t,2,4096,8,13.413667,13.866782,3.38
uint64_t,2,1024,256,73.618333,77.699588,5.54
uint64_t,2,2048,64,38.545000,41.949492,8.83
uint64_t,2,4096,16,22.484667,24.278177,7.98
uint64_t,2,2048,128,74.459667,81.253002,9.12
uint64_t,2,4096,32,40.359000,44.015338,9.06
uint64_t,1,8192,256,588.389000,621.052382,5.55
uint64_t,2,8192,8,26.745667,27.667259,3.45
uint64_t,2,4096,64,76.812333,83.832847,9.14
uint64_t,2,2048,256,147.195667,155.322884,5.52
uint64_t,2,8192,16,44.897667,48.490218,8.00
uint64_t,1,16384,128,595.151667,628.383052,5.58
uint64_t,2,4096,128,148.846000,162.440403,9.13
uint64_t,2,8192,32,80.656667,87.964541,9.06
uint64_t,2,16384,8,53.444333,55.268214,3.41
uint64_t,4,256,8,0.952333,0.948790,-0.37
uint64_t,2,16384,16,89.771333,96.914301,7.96
uint64_t,2,8192,64,153.512333,167.599558,9.18
uint64_t,4,256,16,1.484333,1.582000,6.58
uint64_t,4,256,32,2.590000,2.816477,8.74
uint64_t,4,256,64,4.873333,5.307353,8.91
uint64_t,4,512,8,1.851333,1.828640,-1.23
uint64_t,4,256,128,9.393667,10.477107,11.53
uint64_t,4,512,16,2.921000,3.095498,5.97
uint64_t,2,4096,256,294.246667,310.569476,5.55
uint64_t,2,16384,32,161.350333,175.862945,8.99
uint64_t,4,256,256,18.488333,19.506168,5.51
uint64_t,4,512,32,5.111667,5.563518,8.84
uint64_t,4,512,64,9.659000,10.543010,9.15
uint64_t,4,1024,8,3.715000,3.588143,-3.41
uint64_t,4,1024,16,5.709667,6.122488,7.23
uint64_t,4,512,128,18.690667,20.884053,11.74
uint64_t,2,8192,128,297.617667,324.815205,9.14
uint64_t,4,1024,32,10.154000,11.057594,8.90
uint64_t,4,512,256,36.884667,38.912160,5.50
uint64_t,4,2048,8,7.260333,7.107150,-2.11
uint64_t,4,1024,64,19.262667,21.014318,9.09
uint64_t,4,2048,16,11.391000,12.176469,6.90
uint64_t,4,1024,128,37.300000,41.698063,11.79
uint64_t,4,2048,32,20.228000,22.045747,8.99
uint64_t,2,16384,64,306.986333,335.132980,9.17
uint64_t,4,4096,8,14.427000,14.146012,-1.95
uint64_t,4,2048,64,38.439000,41.956935,9.15
uint64_t,4,4096,16,22.521333,24.284429,7.83
uint64_t,4,1024,256,73.677000,77.724137,5.49
uint64_t,4,4096,32,40.394333,44.022051,8.98
uint64_t,4,2048,128,74.474667,83.328508,11.89
uint64_t,4,8192,8,28.825333,28.225124,-2.08
uint64_t,4,8192,16,45.049000,48.500351,7.66
uint64_t,4,4096,64,76.841333,83.842168,9.11
uint64_t,4,2048,256,147.212000,155.348091,5.53
uint64_t,4,8192,32,80.747333,87.974660,8.95
uint64_t,4,16384,8,57.626667,56.383349,-2.16
uint64_t,8,256,8,1.161000,1.119762,-3.55
uint64_t,4,4096,128,148.893333,166.589399,11.89
uint64_t,8,256,16,1.623667,1.696026,4.46
uint64_t,4,16384,16,90.019000,96.932194,7.68
uint64_t,8,256,32,2.740667,2.849846,3.98
uint64_t,8,256,64,5.058000,5.317239,5.13
uint64_t,8,512,8,2.256667,2.171147,-3.79
uint64_t,8,256,128,9.430000,10.492428,11.27
uint64_t,8,512,16,3.181333,3.321013,4.39
uint64_t,4,8192,64,153.664333,167.612634,9.08
uint64_t,8,512,32,5.409333,5.623390,3.96
uint64_t,8,256,256,18.555000,19.554991,5.39
uint64_t,8,512,64,10.043667,10.553940,5.08
uint64_t,8,1024,8,4.462000,4.273657,-4.22
uint64_t,8,1024,16,6.298667,6.570508,4.32
uint64_t,8,1024,32,10.750333,11.171696,3.92
uint64_t,8,512,128,18.732333,20.900771,11.58
uint64_t,4,16384,32,161.435000,175.879879,8.95
uint64_t,8,2048,8,8.856000,8.478147,-4.27
uint64_t,8,1024,64,20.040000,21.026780,4.92
uint64_t,8,512,256,36.946667,38.961867,5.45
uint64_t,8,2048,16,12.534667,13.069254,4.26
uint64_t,8,2048,32,21.422000,22.267243,3.95
uint64_t,8,1024,128,37.354667,41.716791,11.68
uint64_t,8,4096,8,17.659667,16.887848,-4.37
uint64_t,8,4096,16,24.995667,26.067545,4.29
uint64_t,8,2048,64,40.032333,41.971326,4.84
uint64_t,8,1024,256,73.713667,77.775623,5.51
uint64_t,8,4096,32,42.793000,44.460497,3.90
uint64_t,8,8192,8,35.246000,33.710003,-4.36
uint64_t,8,2048,128,74.592333,83.348949,11.74
uint64_t,8,8192,16,49.912667,52.065753,4.31
uint64_t,8,4096,64,79.926333,83.860419,4.92
uint64_t,16,256,8,2.296667,2.169080,-5.56
uint64_t,16,256,16,3.093333,3.189558,3.11
uint64_t,16,256,32,4.738333,4.628760,-2.31
uint64_t,8,8192,32,85.538667,88.848260,3.87
uint64_t,8,16384,8,70.409000,67.354313,-4.34
uint64_t,16,512,8,4.490000,4.271849,-4.86
uint64_t,16,256,64,8.006000,7.853721,-1.90
uint64_t,16,512,16,6.105667,6.312114,3.38
uint64_t,16,256,128,14.595667,13.180804,-9.69
uint64_t,16,512,32,9.391667,9.186379,-2.19
uint64_t,16,1024,8,8.904333,8.477388,-4.79
uint64_t,16,512,64,15.876667,15.628163,-1.57
uint64_t,16,1024,16,12.118667,12.557227,3.62
uint64_t,8,16384,16,99.756667,104.065326,4.32
uint64_t,16,1024,32,18.699667,18.301617,-2.13
uint64_t,16,512,128,29.085667,26.299520,-9.58
uint64_t,16,2048,8,17.735000,16.886780,-4.78
uint64_t,16,2048,16,24.163333,25.044371,3.65
uint64_t,16,1024,64,31.759667,31.177047,-1.83
uint64_t,16,2048,32,37.302333,36.528693,-2.07
uint64_t,16,4096,8,35.395333,33.707194,-4.77
uint64_t,16,1024,128,58.049667,52.536952,-9.50
uint64_t,16,4096,16,48.221000,50.022034,3.73
uint64_t,16,2048,64,63.340667,62.269983,-1.69
uint64_t,16,8192,8,70.679333,67.351495,-4.71
uint64_t,16,4096,32,74.531333,72.984296,-2.08
uint64_t,16,8192,16,96.358667,99.982882,3.76
uint64_t,16,16384,8,141.291000,134.640096,-4.71
