operation,data_type,thread,iteration,buffer_size,measured,predicted,error_percent
ADD,uint16_t,1,256,8,0.875000,0.899257,2.77
ADD,uint16_t,1,512,8,1.720000,1.732501,0.73
ADD,uint16_t,1,512,16,2.921667,3.040149,4.06
ADD,uint16_t,1,256,16,1.482333,1.553081,4.77
ADD,uint16_t,1,256,32,2.671333,2.892693,8.29
ADD,uint16_t,1,256,64,5.051667,5.537026,9.61
ADD,uint16_t,1,256,128,9.857333,10.835349,9.92
ADD,uint16_t,1,256,256,19.448333,21.433164,10.21
ADD,uint16_t,1,512,32,5.302333,5.719372,7.87
ADD,uint16_t,1,1024,8,3.383667,3.398988,0.45
ADD,uint16_t,1,1024,16,5.787667,6.014284,3.92
ADD,uint16_t,1,512,64,10.068333,11.008039,9.33
ADD,uint16_t,1,512,128,19.675667,21.604684,9.80
ADD,uint16_t,1,1024,32,10.559333,11.372729,7.70
ADD,uint16_t,1,512,256,38.835333,42.800313,10.21
ADD,uint16_t,1,1024,64,20.085333,21.950064,9.28
ADD,uint16_t,1,2048,8,6.717333,6.731961,0.22
ADD,uint16_t,1,2048,16,11.498667,11.962553,4.03
ADD,uint16_t,1,2048,32,21.061667,22.679445,7.68
ADD,uint16_t,1,1024,128,39.279333,43.143353,9.84
ADD,uint16_t,1,4096,8,13.406333,13.397909,-0.06
ADD,uint16_t,1,2048,64,40.093667,43.834114,9.33
ADD,uint16_t,1,1024,256,77.565667,85.534613,10.27
ADD,uint16_t,1,4096,16,22.941000,23.859093,4.00
ADD,uint16_t,1,2048,128,78.506667,86.220693,9.83
ADD,uint16_t,1,4096,32,42.048333,45.292876,7.72
ADD,uint16_t,1,8192,8,26.753000,26.729804,-0.09
ADD,uint16_t,1,4096,64,80.164000,87.602215,9.28
ADD,uint16_t,1,8192,16,45.823333,47.652172,3.99
ADD,uint16_t,1,2048,256,155.088667,171.003212,10.26
ADD,uint16_t,1,8192,32,84.050000,90.519737,7.70
ADD,uint16_t,1,4096,128,156.944667,172.375372,9.83
ADD,uint16_t,1,16384,8,53.432333,53.393593,-0.07
ADD,uint16_t,1,16384,16,91.590667,95.238329,3.98
ADD,uint16_t,1,8192,64,160.213333,175.138416,9.32
ADD,uint16_t,2,256,8,0.893000,0.912097,2.14
ADD,uint16_t,1,4096,256,310.178333,341.940409,10.24
ADD,uint16_t,2,256,16,1.485333,1.591479,7.15
ADD,uint16_t,1,16384,32,168.025667,180.973461,7.71
ADD,uint16_t,2,256,32,2.688667,2.927480,8.88
ADD,uint16_t,2,256,64,5.081667,5.662377,11.43
ADD,uint16_t,1,8192,128,313.806000,344.684729,9.84
ADD,uint16_t,2,512,8,1.716667,1.758024,2.41
ADD,uint16_t,2,256,128,10.067667,11.037310,9.63
ADD,uint16_t,2,256,256,19.449667,21.837679,12.28
ADD,uint16_t,2,512,16,2.909000,3.116800,7.14
ADD,uint16_t,2,512,32,5.314333,5.788770,8.93
ADD,uint16_t,2,512,64,10.100333,11.258573,11.47
ADD,uint16_t,2,512,128,20.076000,22.008428,9.63
ADD,uint16_t,2,1024,8,3.386333,3.449877,1.88
ADD,uint16_t,2,1024,16,5.774667,6.167442,6.80
ADD,uint16_t,1,16384,64,320.405000,350.210818,9.30
ADD,uint16_t,2,512,256,38.840333,43.609163,12.28
ADD,uint16_t,2,1024,32,10.563000,11.511351,8.98
ADD,uint16_t,2,1024,64,20.114667,22.450966,11.61
ADD,uint16_t,2,2048,8,6.730000,6.833582,1.54
ADD,uint16_t,2,1024,128,40.096000,43.950663,9.61
ADD,uint16_t,2,2048,16,11.503667,12.268727,6.65
ADD,uint16_t,2,2048,32,21.080000,22.956511,8.90
ADD,uint16_t,2,1024,256,77.582000,87.152130,12.34
ADD,uint16_t,2,2048,64,40.141333,44.835753,11.69
ADD,uint16_t,1,8192,256,620.192333,683.814805,10.26
ADD,uint16_t,2,4096,8,13.412667,13.600993,1.40
ADD,uint16_t,2,4096,16,22.946667,24.471296,6.64
ADD,uint16_t,2,2048,128,80.138667,87.835134,9.60
ADD,uint16_t,2,4096,32,42.132333,45.846831,8.82
ADD,uint16_t,2,8192,8,26.751000,27.135816,1.44
ADD,uint16_t,1,16384,128,627.711667,689.303445,9.81
ADD,uint16_t,2,4096,64,80.190667,89.605325,11.74
ADD,uint16_t,2,2048,256,155.138000,174.238063,12.31
ADD,uint16_t,2,8192,16,45.823667,48.876434,6.66
ADD,uint16_t,2,4096,128,159.125333,175.604076,10.36
ADD,uint16_t,2,8192,32,84.169000,91.627472,8.86
ADD,uint16_t,2,16384,8,53.430333,54.205461,1.45
ADD,uint16_t,2,8192,64,160.302667,179.144470,11.75
ADD,uint16_t,2,16384,16,91.599333,97.686711,6.65
ADD,uint16_t,2,4096,256,310.189667,348.409931,12.32
ADD,uint16_t,4,256,8,0.894333,0.964516,7.85
ADD,uint16_t,2,16384,32,168.198333,183.188754,8.91
ADD,uint16_t,4,256,16,1.534667,1.593875,3.86
ADD,uint16_t,4,256,32,2.720000,2.930495,7.74
ADD,uint16_t,2,8192,128,315.984667,351.141959,11.13
ADD,uint16_t,4,256,64,5.120333,5.665989,10.66
ADD,uint16_t,4,256,128,10.067667,11.042791,9.69
ADD,uint16_t,4,256,256,19.457667,21.846905,12.28
ADD,uint16_t,4,512,8,1.746333,1.862209,6.64
ADD,uint16_t,4,512,16,3.024333,3.119431,3.14
ADD,uint16_t,4,512,32,5.389333,5.792076,7.47
ADD,uint16_t,4,512,64,10.140667,11.262580,11.06
ADD,uint16_t,2,16384,64,320.607333,358.222761,11.73
ADD,uint16_t,4,1024,8,3.416000,3.657588,7.07
ADD,uint16_t,4,512,128,19.955667,22.014102,10.32
ADD,uint16_t,4,1024,16,5.969667,6.170539,3.36
ADD,uint16_t,1,16384,256,1240.276000,1367.563596,10.26
ADD,uint16_t,4,512,256,38.850667,43.618391,12.27
ADD,uint16_t,4,1024,32,10.732667,11.515232,7.29
ADD,uint16_t,4,1024,64,20.196333,22.455756,11.19
ADD,uint16_t,4,2048,8,6.805000,7.248346,6.52
ADD,uint16_t,4,1024,128,39.847000,43.956718,10.31
ADD,uint16_t,4,2048,16,11.620000,12.272755,5.62
ADD,uint16_t,2,8192,256,620.353667,696.753666,12.32
ADD,uint16_t,4,2048,32,21.407333,22.961545,7.26
ADD,uint16_t,4,1024,256,77.616667,87.161358,12.30
ADD,uint16_t,4,2048,64,40.268333,44.842108,11.36
ADD,uint16_t,4,4096,8,13.558000,14.429863,6.43
ADD,uint16_t,4,4096,16,23.510333,24.477187,4.11
ADD,uint16_t,4,2048,128,79.603000,87.841951,10.35
ADD,uint16_t,4,4096,32,42.760667,45.854171,7.23
ADD,uint16_t,4,8192,8,27.073000,28.792896,6.35
ADD,uint16_t,4,4096,64,80.372333,89.614813,11.50
ADD,uint16_t,2,16384,128,640.598000,702.217726,9.62
ADD,uint16_t,4,2048,256,155.130667,174.247292,12.32
ADD,uint16_t,4,8192,16,46.411000,48.886051,5.33
ADD,uint16_t,4,4096,128,160.200667,175.612417,9.62
ADD,uint16_t,4,8192,32,85.488000,91.639422,7.20
ADD,uint16_t,4,16384,8,54.076333,57.518962,6.37
ADD,uint16_t,4,8192,64,160.812667,179.160222,11.41
ADD,uint16_t,4,16384,16,93.287333,97.703779,4.73
ADD,uint16_t,4,4096,256,310.258333,348.419159,12.30
ADD,uint16_t,8,256,8,0.984000,0.968490,-1.58
ADD,uint16_t,4,16384,32,170.858333,183.209925,7.23
ADD,uint16_t,8,256,16,1.555333,1.598325,2.76
ADD,uint16_t,8,256,32,2.741667,2.936200,7.10
ADD,uint16_t,8,256,64,5.147333,5.674760,10.25
ADD,uint16_t,4,8192,128,320.355333,351.153348,9.61
ADD,uint16_t,8,256,128,10.084333,11.055209,9.63
ADD,uint16_t,8,512,8,1.925000,1.867197,-3.00
ADD,uint16_t,8,512,16,3.042333,3.124618,2.70
ADD,uint16_t,8,256,256,19.505000,21.868828,12.12
ADD,uint16_t,8,512,32,5.411000,5.798167,7.16
ADD,uint16_t,8,512,64,10.217000,11.272248,10.33
ADD,uint16_t,8,1024,8,3.786333,3.664446,-3.22
ADD,uint16_t,8,512,128,20.086667,22.027571,9.66
ADD,uint16_t,4,16384,64,321.373667,358.251040,11.47
ADD,uint16_t,8,1024,16,6.028667,6.177107,2.46
ADD,uint16_t,8,1024,32,10.754333,11.522103,7.14
ADD,uint16_t,8,512,256,38.882667,43.642309,12.24
ADD,uint16_t,2,16384,256,1240.345667,1393.441135,12.34
ADD,uint16_t,8,1024,64,20.371667,22.467227,10.29
ADD,uint16_t,8,2048,8,7.503667,7.258837,-3.26
ADD,uint16_t,8,2048,16,11.987667,12.281879,2.45
ADD,uint16_t,8,1024,128,39.847333,43.972298,10.35
ADD,uint16_t,8,2048,32,21.430000,22.969969,7.19
ADD,uint16_t,8,2048,64,40.675000,44.857180,10.28
ADD,uint16_t,8,4096,8,14.942000,14.448493,-3.30
ADD,uint16_t,8,1024,256,77.663000,87.189274,12.27
ADD,uint16_t,8,4096,16,23.923333,24.491424,2.37
ADD,uint16_t,4,8192,256,620.303667,696.762894,12.33
ADD,uint16_t,8,2048,128,80.134667,87.861746,9.64
ADD,uint16_t,8,4096,32,42.827000,45.865702,7.10
ADD,uint16_t,8,8192,8,29.843667,28.827805,-3.40
ADD,uint16_t,8,4096,64,81.227667,89.637084,10.35
ADD,uint16_t,8,8192,16,47.755000,48.910687,2.42
ADD,uint16_t,8,2048,256,155.238667,174.283197,12.27
ADD,uint16_t,8,8192,32,85.593667,91.657168,7.08
ADD,uint16_t,4,16384,128,640.594667,702.235211,9.62
ADD,uint16_t,8,4096,128,160.216667,175.640642,9.63
ADD,uint16_t,8,16384,8,59.628000,57.586429,-3.42
ADD,uint16_t,8,8192,64,162.416333,179.196893,10.33
ADD,uint16_t,8,16384,16,95.496000,97.752055,2.36
ADD,uint16_t,16,256,8,1.676667,1.572009,-6.24
ADD,uint16_t,16,256,16,2.007333,2.109827,5.11
ADD,uint16_t,16,256,32,3.702667,3.514197,-5.09
ADD,uint16_t,16,256,64,7.076667,6.924033,-2.16
ADD,uint16_t,16,256,128,13.837000,13.608010,-1.65
ADD,uint16_t,16,512,8,3.274333,3.075358,-6.08
ADD,uint16_t,16,512,16,3.928000,4.146124,5.55
ADD,uint16_t,8,4096,256,310.382667,348.471045,12.27
ADD,uint16_t,8,16384,32,171.010667,183.240099,7.15
ADD,uint16_t,16,512,32,7.305667,6.931205,-5.13
ADD,uint16_t,16,256,256,27.389667,27.077320,-1.14
ADD,uint16_t,16,512,64,14.060000,13.759050,-2.14
ADD,uint16_t,16,1024,8,6.467667,6.082056,-5.96
ADD,uint16_t,16,1024,16,7.780000,8.218718,5.64
ADD,uint16_t,16,1024,32,14.536000,13.765222,-5.30
ADD,uint16_t,16,512,128,27.589000,27.130604,-1.66
ADD,uint16_t,16,1024,64,28.040000,27.429083,-2.18
ADD,uint16_t,16,2048,8,12.861000,12.094534,-5.96
ADD,uint16_t,16,512,256,54.639000,54.000353,-1.17
ADD,uint16_t,16,2048,16,15.469333,16.363265,5.78
ADD,uint16_t,8,8192,128,320.358667,351.198434,9.63
ADD,uint16_t,16,1024,128,55.088333,54.175792,-1.66
ADD,uint16_t,16,2048,32,28.959667,27.433259,-5.27
ADD,uint16_t,16,4096,8,25.627000,24.118938,-5.88
ADD,uint16_t,8,16384,64,324.935667,358.316512,10.27
ADD,uint16_t,16,2048,64,56.006667,54.769153,-2.21
ADD,uint16_t,16,4096,16,30.851000,32.651670,5.84
ADD,uint16_t,16,1024,256,109.195000,107.846419,-1.24
ADD,uint16_t,16,4096,32,57.884000,54.769327,-5.38
ADD,uint16_t,16,2048,128,110.064000,108.266171,-1.63
ADD,uint16_t,16,8192,8,51.188333,48.172441,-5.89
ADD,uint16_t,16,8192,16,61.602333,65.229380,5.89
ADD,uint16_t,16,4096,64,111.964000,109.449288,-2.25
ADD,uint16_t,16,2048,256,218.152000,215.538553,-1.20
ADD,uint16_t,16,8192,32,115.623667,109.441463,-5.35
ADD,uint16_t,16,16384,8,102.280667,96.279610,-5.87
ADD,uint32_t,1,256,8,0.889333,0.845058,-4.98
ADD,uint32_t,1,256,16,1.518333,1.476647,-2.75
ADD,uint32_t,1,256,32,2.747667,2.704935,-1.56
ADD,uint32_t,1,256,64,5.221000,5.171166,-0.95
ADD,uint32_t,1,256,128,10.132667,10.104798,-0.28
ADD,uint16_t,16,4096,128,220.011000,216.446924,-1.62
ADD,uint32_t,1,512,8,1.745667,1.624103,-6.96
ADD,uint16_t,16,16384,16,123.148333,130.390888,5.88
ADD,uint32_t,1,256,256,20.027333,20.004610,-0.11
ADD,uint32_t,1,512,16,2.985000,2.887280,-3.27
ADD,uint32_t,1,512,32,5.443667,5.343856,-1.83
ADD,uint32_t,1,512,64,10.374333,10.276318,-0.94
ADD,uint32_t,1,1024,8,3.437000,3.182192,-7.41
ADD,uint32_t,1,512,128,20.243000,20.143582,-0.49
ADD,uint32_t,1,1024,16,5.947333,5.708546,-4.02
ADD,uint32_t,1,1024,32,10.843000,10.621698,-2.04
ADD,uint32_t,1,512,256,39.998000,39.943207,-0.14
ADD,uint32_t,1,1024,64,20.700667,20.486622,-1.03
ADD,uint32_t,1,2048,8,6.819000,6.298370,-7.63
ADD,uint32_t,1,2048,16,11.798667,11.351079,-3.79
ADD,uint16_t,16,8192,64,223.757000,218.809558,-2.21
ADD,uint32_t,1,1024,128,40.442333,40.221150,-0.55
ADD,uint32_t,1,2048,32,21.651333,21.177383,-2.19
ADD,uint32_t,1,1024,256,79.898333,79.820400,-0.10
ADD,uint32_t,1,4096,8,13.596667,12.530727,-7.84
ADD,uint32_t,1,2048,64,41.344000,40.907230,-1.06
ADD,uint32_t,1,4096,16,23.549667,22.636144,-3.88
ADD,uint32_t,1,2048,128,80.778000,80.376286,-0.50
ADD,uint32_t,1,4096,32,43.235333,42.288752,-2.19
ADD,uint16_t,16,16384,32,231.192667,218.785735,-5.37
ADD,uint32_t,1,8192,8,27.149667,24.995440,-7.93
ADD,uint32_t,1,4096,64,82.607333,81.748446,-1.04
ADD,uint32_t,1,8192,16,47.033333,45.206274,-3.88
ADD,uint32_t,1,2048,256,159.813667,159.574786,-0.15
ADD,uint32_t,1,8192,32,86.434000,84.511490,-2.22
ADD,uint32_t,1,4096,128,161.492667,160.686558,-0.50
ADD,uint32_t,1,16384,8,54.238000,49.924866,-7.95
ADD,uint32_t,1,16384,16,94.028000,90.346535,-3.92
ADD,uint32_t,1,8192,64,165.162667,163.430878,-1.05
ADD,uint32_t,2,256,8,0.902000,0.883456,-2.06
ADD,uint32_t,1,4096,256,319.482000,319.083559,-0.12
ADD,uint32_t,2,256,16,1.552667,1.511435,-2.66
ADD,uint32_t,1,16384,32,172.728667,168.956967,-2.18
ADD,uint32_t,2,256,32,2.752667,2.830285,2.82
ADD,uint32_t,2,256,64,5.276000,5.373127,1.84
ADD,uint32_t,1,8192,128,322.927667,321.307102,-0.50
ADD,uint32_t,2,256,128,10.159667,10.509314,3.44
ADD,uint32_t,2,512,8,1.784333,1.700754,-4.68
ADD,uint32_t,2,256,256,20.036333,20.430737,1.97
ADD,uint32_t,2,512,16,3.057000,2.956679,-3.28
ADD,uint32_t,2,512,32,5.455333,5.594390,2.55
ADD,uint32_t,2,512,64,10.446000,10.680062,2.24
ADD,uint32_t,2,1024,8,3.487000,3.335351,-4.35
ADD,uint32_t,2,512,128,20.246667,20.952431,3.49
ADD,uint32_t,2,1024,16,6.060000,5.847168,-3.51
ADD,uint32_t,1,16384,64,330.364667,326.795742,-1.08
ADD,uint32_t,2,512,256,40.014667,40.794879,1.95
ADD,uint32_t,2,1024,32,10.858333,11.122601,2.43
ADD,uint32_t,2,1024,64,20.754667,21.293932,2.60
ADD,uint32_t,2,2048,8,6.990333,6.604544,-5.52
ADD,uint32_t,2,2048,16,12.060667,11.628145,-3.59
ADD,uint32_t,2,1024,128,40.438000,41.838667,3.46
ADD,uint32_t,2,2048,32,21.654333,22.179021,2.42
ADD,uint32_t,2,1024,256,79.925667,81.523162,2.00
ADD,uint32_t,2,2048,64,41.386000,42.521671,2.74
ADD,uint32_t,2,4096,8,13.931667,13.142930,-5.66
ADD,uint32_t,2,4096,16,24.080333,23.190100,-3.70
ADD,uint32_t,2,2048,128,80.819000,83.611138,3.45
ADD,uint32_t,1,8192,256,638.914333,638.101104,-0.13
ADD,uint32_t,2,4096,32,43.260333,44.291862,2.38
ADD,uint32_t,2,8192,8,27.387667,26.219703,-4.26
ADD,uint32_t,2,4096,64,82.689667,84.977150,2.77
ADD,uint32_t,2,2048,256,159.794333,162.979729,1.99
ADD,uint32_t,1,16384,128,645.773667,642.548190,-0.50
ADD,uint32_t,2,8192,16,47.756333,46.314009,-3.02
ADD,uint32_t,2,8192,32,86.435000,88.517545,2.41
ADD,uint32_t,2,16384,8,54.939000,52.373248,-4.67
ADD,uint32_t,2,4096,128,161.542667,167.156079,3.47
ADD,uint32_t,2,8192,64,165.286667,169.888108,2.78
ADD,uint32_t,2,16384,16,96.144333,92.561828,-3.73
ADD,uint32_t,2,4096,256,319.498667,325.892863,2.00
ADD,uint32_t,2,16384,32,172.807333,176.968909,2.41
ADD,uint32_t,4,256,8,0.956667,0.885675,-7.42
ADD,uint32_t,4,256,16,1.551333,1.514513,-2.37
ADD,uint32_t,4,256,32,2.767667,2.833874,2.39
ADD,uint32_t,4,256,64,5.288333,5.378674,1.71
ADD,uint32_t,2,8192,128,323.012333,334.245963,3.48
ADD,uint32_t,4,256,128,10.173333,10.518842,3.40
ADD,uint32_t,4,512,16,3.056667,2.960012,-3.16
ADD,uint32_t,4,512,8,1.843333,1.703016,-7.61
ADD,uint32_t,4,256,256,20.072000,20.445766,1.86
ADD,uint32_t,4,512,32,5.478000,5.598154,2.19
ADD,uint32_t,4,512,64,10.500333,10.685956,1.77
ADD,uint32_t,4,512,128,20.258333,20.962192,3.47
ADD,uint32_t,4,1024,8,3.637000,3.337690,-8.23
ADD,uint32_t,2,16384,64,330.380667,339.710023,2.82
ADD,uint32_t,4,1024,16,6.061333,5.851004,-3.47
ADD,uint32_t,4,512,256,40.039000,40.810396,1.93
ADD,uint32_t,4,1024,32,10.878667,11.126708,2.28
ADD,uint32_t,4,1024,64,21.023333,21.300516,1.32
ADD,uint32_t,4,2048,8,7.188000,6.607040,-8.08
ADD,uint32_t,1,16384,256,1277.784000,1276.136194,-0.13
ADD,uint32_t,4,2048,16,12.072000,11.632990,-3.64
ADD,uint32_t,4,1024,128,40.475000,41.848887,3.39
ADD,uint32_t,4,2048,32,21.681333,22.183816,2.32
ADD,uint32_t,4,4096,8,14.297333,13.145740,-8.05
ADD,uint32_t,4,1024,256,80.000667,81.539651,1.92
ADD,uint32_t,4,2048,64,41.527667,42.529635,2.41
ADD,uint32_t,4,4096,16,24.095000,23.196961,-3.73
ADD,uint32_t,2,8192,256,639.006333,651.719130,1.99
ADD,uint32_t,4,2048,128,80.829333,83.622277,3.46
ADD,uint32_t,4,4096,32,43.310667,44.298033,2.28
ADD,uint32_t,4,8192,8,28.570333,26.223139,-8.22
ADD,uint32_t,4,4096,64,83.148000,84.987874,2.21
ADD,uint32_t,4,8192,16,48.109333,46.324902,-3.71
ADD,uint32_t,4,2048,256,159.846000,162.998160,1.97
ADD,uint32_t,4,8192,32,86.572000,88.526467,2.26
ADD,uint32_t,2,16384,128,645.724000,668.425730,3.52
ADD,uint32_t,4,4096,128,161.574000,167.169058,3.46
ADD,uint32_t,4,16384,8,57.131000,52.377938,-8.32
ADD,uint32_t,4,8192,64,165.249667,169.904352,2.82
ADD,uint32_t,4,16384,16,96.154667,92.580785,-3.72
ADD,uint32_t,8,256,8,1.043333,1.087089,4.19
ADD,uint32_t,8,256,16,1.619333,1.519863,-6.14
ADD,uint32_t,8,256,32,2.879667,2.788195,-3.18
ADD,uint32_t,8,256,64,5.354000,5.391574,0.70
ADD,uint32_t,8,256,128,10.202000,10.541483,3.33
ADD,uint32_t,8,512,8,2.028333,2.105238,3.79
ADD,uint32_t,8,512,16,3.173000,2.965852,-6.53
ADD,uint32_t,8,512,32,5.672667,5.498171,-3.08
ADD,uint32_t,8,256,256,20.125000,20.477439,1.75
ADD,uint32_t,4,16384,32,172.980000,176.983335,2.31
ADD,uint32_t,4,4096,256,319.652333,325.915180,1.96
ADD,uint32_t,8,512,64,10.733333,10.700362,-0.31
ADD,uint32_t,8,1024,8,3.990000,4.141127,3.79
ADD,uint32_t,8,1024,16,6.283000,5.857834,-6.77
ADD,uint32_t,8,512,128,20.318000,20.987186,3.29
ADD,uint32_t,8,1024,32,11.265000,10.917942,-3.08
ADD,uint32_t,8,1024,64,21.423000,21.317940,-0.49
ADD,uint32_t,8,2048,8,7.930000,8.212519,3.56
ADD,uint32_t,8,512,256,40.093667,40.842528,1.87
ADD,uint32_t,8,2048,16,12.485667,11.641791,-6.76
ADD,uint32_t,4,8192,128,323.099000,334.262618,3.46
ADD,uint32_t,8,1024,128,40.510000,41.878595,3.38
ADD,uint32_t,8,2048,32,22.494333,21.757110,-3.28
ADD,uint32_t,8,4096,8,15.780667,16.356623,3.65
ADD,uint32_t,8,2048,64,42.784667,42.553091,-0.54
ADD,uint32_t,8,4096,16,24.878667,23.209705,-6.71
ADD,uint32_t,4,16384,64,330.604000,339.737307,2.76
ADD,uint32_t,8,1024,256,80.026667,81.572709,1.93
ADD,uint32_t,8,4096,32,44.900000,43.435445,-3.26
ADD,uint32_t,8,2048,128,80.892667,83.661408,3.42
ADD,uint32_t,8,8192,8,31.483667,32.647000,3.70
ADD,uint32_t,8,8192,16,49.768333,46.345533,-6.88
ADD,uint32_t,8,4096,64,85.488333,85.023393,-0.54
ADD,uint32_t,8,2048,256,159.964667,163.033064,1.92
ADD,uint32_t,8,8192,32,89.647667,86.794415,-3.18
ADD,uint32_t,8,16384,8,63.060333,65.227754,3.44
ADD,uint32_t,16,256,8,1.983333,2.103515,6.06
ADD,uint32_t,16,256,16,2.549000,2.474156,-2.94
ADD,uint32_t,16,256,32,3.809667,4.091643,7.40
ADD,uint32_t,8,4096,128,161.671667,167.227032,3.44
ADD,uint32_t,16,256,64,7.079000,6.881622,-2.79
ADD,uint32_t,8,16384,16,99.414667,92.617188,-6.84
ADD,uint32_t,16,256,128,13.858000,13.601678,-1.85
ADD,uint32_t,16,512,8,3.894667,4.139812,6.29
ADD,uint32_t,16,512,16,5.018667,4.876636,-2.83
ADD,uint32_t,16,512,32,7.522667,8.104260,7.73
ADD,uint32_t,16,512,64,14.061667,13.646345,-2.95
ADD,uint32_t,16,1024,8,7.696667,8.212406,6.70
ADD,uint32_t,16,1024,16,9.964667,9.681595,-2.84
ADD,uint32_t,8,8192,64,167.294667,169.963997,1.60
ADD,uint32_t,16,512,128,27.605333,27.029407,-2.09
ADD,uint32_t,16,1024,32,14.961000,16.129494,7.81
ADD,uint32_t,16,2048,8,15.306000,16.356083,6.86
ADD,uint32_t,16,2048,16,19.821333,19.290328,-2.68
ADD,uint32_t,16,1024,64,28.064000,27.175792,-3.16
ADD,uint32_t,8,16384,32,179.319000,173.513652,-3.24
ADD,uint32_t,16,2048,32,29.836667,32.178461,7.85
ADD,uint32_t,16,4096,8,30.531667,32.644116,6.92
ADD,uint32_t,16,1024,128,55.089667,53.884864,-2.19
ADD,uint32_t,16,4096,16,39.549333,38.506978,-2.64
ADD,uint32_t,16,2048,64,56.001667,54.234689,-3.16
ADD,uint32_t,16,4096,32,59.595333,64.274532,7.85
ADD,uint32_t,16,8192,8,60.978000,65.224870,6.96
ADD,uint32_t,16,2048,128,110.101667,107.595763,-2.28
ADD,uint32_t,16,8192,16,79.039333,76.945572,-2.65
ADD,uint64_t,1,256,8,1.048333,0.897356,-14.40
ADD,uint64_t,1,256,16,1.724667,1.546352,-10.34
ADD,uint64_t,1,256,32,3.153000,2.854000,-9.48
ADD,uint64_t,1,256,64,6.049000,5.470466,-9.56
ADD,uint32_t,16,4096,64,111.942667,108.352476,-3.21
ADD,uint64_t,1,256,128,11.754000,10.735948,-8.66
ADD,uint64_t,1,256,256,23.310000,21.262009,-8.79
ADD,uint64_t,1,512,8,2.059667,1.728697,-16.07
ADD,uint64_t,1,512,16,3.397000,3.026690,-10.90
ADD,uint32_t,16,16384,8,121.875000,130.386379,6.98
ADD,uint64_t,1,512,32,6.243667,5.641986,-9.64
ADD,uint64_t,1,512,64,12.065000,10.874919,-9.86
ADD,uint64_t,1,1024,8,4.056333,3.391381,-16.39
ADD,uint64_t,1,1024,16,6.719000,5.987367,-10.89
ADD,uint64_t,1,512,128,23.465000,21.405881,-8.78
ADD,uint32_t,16,8192,32,119.086333,128.472639,7.88
ADD,uint64_t,1,1024,32,12.442333,11.217959,-9.84
ADD,uint64_t,1,512,256,46.573000,42.458005,-8.84
ADD,uint64_t,1,1024,64,24.075667,21.683824,-9.93
ADD,uint64_t,1,2048,8,8.050667,6.716748,-16.57
ADD,uint64_t,1,2048,16,13.397000,11.908720,-11.11
ADD,uint64_t,1,2048,32,24.818333,22.369904,-9.87
ADD,uint64_t,1,1024,128,46.872667,42.745749,-8.80
ADD,uint64_t,1,4096,8,16.067000,13.367481,-16.80
ADD,uint64_t,1,2048,64,48.086667,43.301634,-9.95
ADD,uint64_t,1,1024,256,93.056000,84.849996,-8.82
ADD,uint64_t,1,4096,16,26.750333,23.751426,-11.21
ADD,uint64_t,1,4096,32,49.561333,44.673794,-9.86
ADD,uint32_t,16,16384,16,157.986333,153.824917,-2.63
ADD,uint64_t,1,2048,128,93.701000,85.425484,-8.83
ADD,uint64_t,1,8192,8,32.069333,26.668949,-16.84
ADD,uint64_t,1,4096,64,96.106667,86.537255,-9.96
ADD,uint64_t,1,8192,16,53.426667,47.436839,-11.21
ADD,uint64_t,1,2048,256,186.032000,169.633977,-8.81
ADD,uint64_t,1,8192,32,99.072667,89.281575,-9.88
ADD,uint64_t,1,4096,128,187.303000,170.784953,-8.82
ADD,uint64_t,1,16384,8,64.091000,53.271884,-16.88
ADD,uint64_t,1,8192,64,192.151667,173.008496,-9.96
ADD,uint64_t,1,16384,16,106.821000,94.807664,-11.25
ADD,uint64_t,2,256,8,1.051667,0.932143,-11.37
ADD,uint64_t,2,256,16,1.744000,1.671702,-4.15
ADD,uint64_t,2,256,32,3.151667,3.055962,-3.04
ADD,uint64_t,1,16384,32,198.067333,178.497136,-9.88
ADD,uint64_t,2,256,64,6.069667,5.874982,-3.21
ADD,uint64_t,1,4096,256,372.066000,339.201941,-8.83
ADD,uint64_t,2,256,128,11.787333,11.162074,-5.30
ADD,uint64_t,2,512,8,2.054333,1.798096,-12.47
ADD,uint64_t,2,512,16,3.415000,3.277225,-4.03
ADD,uint64_t,2,256,256,23.330000,22.978213,-1.51
ADD,uint64_t,2,512,32,6.244000,6.045731,-3.18
ADD,uint64_t,1,8192,128,374.565333,341.503893,-8.83
ADD,uint64_t,2,512,64,12.078000,11.683769,-3.26
ADD,uint64_t,2,1024,8,4.058000,3.530002,-13.01
ADD,uint64_t,2,512,128,23.486000,22.257553,-5.23
ADD,uint64_t,2,1024,16,6.740333,6.488269,-3.74
ADD,uint64_t,2,1024,32,12.442667,12.025269,-3.35
ADD,uint64_t,2,512,256,46.589667,45.890286,-1.50
ADD,uint64_t,2,1024,64,24.088000,23.301341,-3.27
ADD,uint64_t,2,2048,8,8.191667,6.993814,-14.62
ADD,uint64_t,2,2048,16,13.408667,12.910358,-3.72
ADD,uint64_t,2,1024,128,46.889333,44.448511,-5.21
ADD,uint64_t,1,16384,64,384.290000,345.950978,-9.98
ADD,uint64_t,2,2048,32,24.815333,23.984346,-3.35
ADD,uint64_t,2,4096,8,16.072667,13.921437,-13.38
ADD,uint64_t,2,1024,256,93.084333,91.714432,-1.47
ADD,uint64_t,2,2048,64,48.100000,46.536486,-3.25
ADD,uint64_t,2,4096,16,26.762667,25.754537,-3.77
ADD,uint64_t,2,4096,32,49.569667,47.902499,-3.36
ADD,uint64_t,2,2048,128,93.696667,88.830426,-5.19
ADD,uint64_t,2,8192,8,32.080333,27.776684,-13.42
ADD,uint64_t,2,4096,64,96.150000,93.006777,-3.27
ADD,uint64_t,1,8192,256,743.979667,678.337868,-8.82
ADD,uint64_t,2,8192,16,53.488333,51.442893,-3.82
ADD,uint64_t,2,2048,256,186.090000,183.362725,-1.47
ADD,uint64_t,1,16384,128,748.894000,682.941772,-8.81
ADD,uint64_t,2,4096,128,187.276333,177.594257,-5.17
ADD,uint64_t,2,8192,32,99.100333,95.738805,-3.39
ADD,uint64_t,2,16384,8,64.116000,55.487177,-13.46
ADD,uint64_t,2,8192,64,192.202333,185.947357,-3.25
ADD,uint64_t,2,16384,16,106.857000,102.819606,-3.78
ADD,uint64_t,4,256,8,1.057667,0.935396,-11.56
ADD,uint64_t,4,256,16,1.795667,1.675074,-6.72
ADD,uint64_t,4,256,32,3.155667,3.061531,-2.98
ADD,uint64_t,4,256,64,6.074667,5.884654,-3.13
ADD,uint64_t,4,256,128,11.804667,11.176970,-5.32
ADD,uint64_t,4,512,8,2.061333,1.801927,-12.58
ADD,uint64_t,4,512,16,3.467000,3.280599,-5.38
ADD,uint64_t,4,256,256,23.382667,23.009051,-1.60
ADD,uint64_t,2,4096,256,372.116333,366.659310,-1.47
ADD,uint64_t,4,512,32,6.258333,6.051635,-3.30
ADD,uint64_t,2,16384,32,198.097667,191.411418,-3.38
ADD,uint64_t,4,512,64,12.099333,11.693974,-3.35
ADD,uint64_t,4,1024,8,4.063000,3.534984,-13.00
ADD,uint64_t,4,1024,16,6.844667,6.491644,-5.16
ADD,uint64_t,4,512,128,23.506333,22.272723,-5.25
ADD,uint64_t,4,1024,32,12.448000,12.031836,-3.34
ADD,uint64_t,4,1024,64,24.101333,23.312609,-3.27
ADD,uint64_t,4,2048,8,8.069667,7.001098,-13.24
ADD,uint64_t,4,512,256,46.662333,45.921199,-1.59
ADD,uint64_t,4,2048,16,13.492000,12.913733,-4.29
ADD,uint64_t,2,8192,128,374.574667,355.121919,-5.19
ADD,uint64_t,4,1024,128,46.934333,44.464224,-5.26
ADD,uint64_t,4,2048,32,24.854000,23.992238,-3.47
ADD,uint64_t,4,4096,8,16.087667,13.933325,-13.39
ADD,uint64_t,4,2048,64,48.116667,46.549878,-3.26
ADD,uint64_t,4,4096,16,26.790667,25.757911,-3.85
ADD,uint64_t,2,16384,64,384.403000,371.828518,-3.27
ADD,uint64_t,4,1024,256,93.163333,91.745491,-1.52
ADD,uint64_t,4,4096,32,49.610333,47.913042,-3.42
ADD,uint64_t,4,2048,128,93.740667,88.847225,-5.22
ADD,uint64_t,4,8192,8,32.093000,27.797780,-13.38
ADD,uint64_t,4,8192,16,53.527333,51.446268,-3.89
ADD,uint64_t,4,4096,64,96.179333,93.024416,-3.28
ADD,uint64_t,4,8192,32,99.139333,95.754651,-3.41
ADD,uint64_t,4,2048,256,186.168333,183.394075,-1.49
ADD,uint64_t,4,16384,8,64.111333,55.526691,-13.39
ADD,uint64_t,8,256,8,1.303667,1.270089,-2.58
ADD,uint64_t,8,256,16,1.980667,2.077940,4.91
ADD,uint64_t,8,256,32,3.364667,3.195483,-5.03
ADD,uint64_t,8,256,64,6.303667,5.905660,-6.31
ADD,uint64_t,4,4096,128,187.368000,177.613227,-5.21
ADD,uint64_t,4,16384,16,106.961667,102.822981,-3.87
ADD,uint64_t,8,256,128,11.855667,10.937428,-7.75
ADD,uint64_t,8,512,8,2.696667,2.471328,-8.36
ADD,uint64_t,8,512,16,3.894333,4.084248,4.88
ADD,uint64_t,8,512,32,6.639333,6.309685,-4.97
ADD,uint64_t,8,1024,8,5.038000,4.873330,-3.27
ADD,uint64_t,8,256,256,23.459667,23.088209,-1.58
ADD,uint64_t,8,512,64,12.512667,11.716108,-6.37
ADD,uint64_t,4,8192,64,192.255000,185.973493,-3.27
ADD,uint64_t,8,1024,16,7.729333,8.096255,4.75
ADD,uint64_t,8,512,128,23.568667,21.759123,-7.68
ADD,uint64_t,8,1024,32,13.205667,12.538092,-5.06
ADD,uint64_t,8,2048,8,10.018000,9.676366,-3.41
ADD,uint64_t,8,1024,64,24.900000,23.335955,-6.28
ADD,uint64_t,8,2048,16,15.389333,16.119849,4.75
ADD,uint64_t,4,16384,32,198.144333,191.437869,-3.38
ADD,uint64_t,8,512,256,46.741333,46.001096,-1.58
ADD,uint64_t,8,2048,32,26.343667,24.994900,-5.12
ADD,uint64_t,8,1024,128,47.015000,43.392726,-7.70
ADD,uint64_t,8,4096,8,19.962333,19.285890,-3.39
ADD,uint64_t,8,4096,16,30.720000,32.168821,4.72
ADD,uint64_t,8,2048,64,49.636333,46.575898,-6.17
ADD,uint64_t,8,1024,256,93.276333,91.822403,-1.56
ADD,uint64_t,8,8192,8,39.880667,38.505726,-3.45
ADD,uint64_t,8,4096,32,52.604000,49.908517,-5.12
ADD,uint64_t,8,2048,128,93.875667,86.661093,-7.69
ADD,uint64_t,8,8192,16,61.383667,64.269191,4.70
ADD,uint64_t,16,256,8,2.602333,2.469510,-5.10
ADD,uint64_t,8,4096,64,99.101333,93.059484,-6.10
ADD,uint64_t,16,256,16,3.802667,4.081012,7.32
ADD,uint64_t,16,256,32,6.259000,6.212166,-0.75
ADD,uint64_t,8,16384,8,79.671333,76.945399,-3.42
ADD,uint64_t,16,512,8,5.126667,4.871989,-4.97
ADD,uint64_t,16,256,64,11.299000,11.053020,-2.18
ADD,uint64_t,16,512,16,7.521667,8.093629,7.60
ADD,uint64_t,16,512,32,12.438000,12.350315,-0.70
ADD,uint64_t,8,8192,32,105.164667,99.735750,-5.16
ADD,uint64_t,16,1024,8,10.176333,9.676948,-4.91
ADD,uint64_t,16,512,64,22.306667,22.021523,-1.28
ADD,uint64_t,16,1024,16,15.011667,16.118864,7.38
ADD,uint64_t,16,2048,8,20.257333,19.285085,-4.80
ADD,uint64_t,16,1024,32,24.778333,24.626612,-0.61
ADD,uint64_t,8,16384,16,122.661333,128.471065,4.74
ADD,uint64_t,16,2048,16,29.953333,32.166285,7.39
ADD,uint64_t,16,1024,64,44.523333,43.958528,-1.27
ADD,uint64_t,16,4096,8,40.450667,38.502930,-4.82
ADD,uint64_t,16,2048,32,49.472667,49.175314,-0.60
ADD,uint64_t,16,4096,16,59.577333,64.262752,7.86
ADD,uint64_t,16,2048,64,88.970333,87.826814,-1.29
ADD,uint64_t,16,8192,8,80.791000,76.942603,-4.76
ADD,uint64_t,16,4096,32,98.839000,98.271554,-0.57
ADD,uint64_t,16,8192,16,119.240667,128.464626,7.74
ADD,uint64_t,16,16384,8,161.494000,153.821948,-4.75
